,summonerId,summonerName,leaguePoints,rank,wins,losses,veteran,inactive,freshBlood,hotStreak
0,a5adRIQDuPLjFS-j-hC7-8UT1HbHLDP-E60c7uNmXTvQFQ,돈까스틱,166,I,190,172,False,False,True,True
1,pi6eEfpYc2ZwixV70H7E4NxgpudQ5BpsF6hnBvj1jM37nhw,1201719,527,I,169,140,False,False,True,False
2,ZE8m1y4t4c6En5s5werYwse_Isdbhf0CF_XbqegzHNiyBjY,BAYAH,253,I,47,18,False,False,False,False
3,gwQqsA79ZEzZWwyWeuFYNwtN83V8xfP6E3o96CGznch1q3U,Medea Beliare,238,I,127,109,False,False,False,False
4,0DOTbmNrFcV9Li80sOdVuk9bHSTvVf17aXdMc33Ssap3d0U,reolreol,345,I,205,175,True,False,False,False
5,NQu3cqda8aSUybXqLm1x6TSeifHzh07OGv6-bfYOnnA_uw,이겨주세요오,169,I,160,142,False,False,True,True
6,PaK4UFe6WTEuxKWM--NfFaJOqxiup0qzgYxNkTarx4cVBQ,BJ갈배,279,I,373,360,False,False,True,False
7,SVBiwATgBfx1kQnOcBF31nqObVx2SGgcvylC79GagWalKQ,eren헌터,172,I,53,46,False,False,True,False
8,J0FG7G3dxPnwHhaENG_rIjEP83wgOQ13G7j_zbfhg5_1YA,Linghun shenghuo,196,I,120,97,False,False,False,False
9,WGUusl0ZlBMSzvxtsDtpsR-rT4pL6zvSY2pDNQIotWqcSw,CdCdCdCdCdCdCdCd,228,I,151,129,False,False,False,False
10,vK0yKc_4A6d893wOqQA1e-KhWAMDqZzwxEE5qxjxTxtcsg,DRX bubbling,237,I,177,163,False,False,True,False
11,Xl8nDWIXObESswwTuj8JHGKka-R5-k2BoL_oEpFSw8XKU8Y,재민슝슝,527,I,171,121,False,False,True,True
12,JOyT17cG1qs1NV75B71oQ8fSCf2sYrNqmKsp8hcMvSHwYbU,닉뭐해치치,199,I,160,149,False,False,True,True
13,bq626U5mUbn9ZnV4g1i-dEmXjivxBqQ9PyWduqxSOcdIog,나쁜말하면차단,424,I,234,227,False,False,False,False
14,x_6OTmqMJFgvt3pzjB3e96e4zJ64EF81wtNIZCKnXUoJNAw,Pz ZZang,165,I,67,60,False,False,True,False
15,lBFxRCYlQU40t8GBuQmL80DmgYxJq3X5hLbjXE4IYw4bt1M,안동푸른번개준현,211,I,315,304,False,False,False,False
16,u1ZtiEiBwRVE1RqZuAUh_g_bxFQLvPonWOgyVUY_R0FSHuo,Riss,200,I,97,72,False,False,True,True
17,mLmK0CGoKzyMtRx-xDgribD3-6fJbb-RwbADyiFRQd17iPE,하하나야,495,I,132,104,False,False,False,False
18,QceymICu4To-pBCPo9dvac6t90IvA-RfpfRB3aYD861AWzg,rqewhkjlafdsuc,181,I,133,108,False,False,True,False
19,ZcCSIDPAYRo_s5mnEziMdqbgz5u2k0vRPK8t-YuJ6mzODQ,T1 Roach,353,I,126,115,False,False,False,False
20,4Q2NLla-UZsOc81FOB69JGPflh5-2spaHQIzHaBqCTZ9cog,안녕 나는 쉐니,168,I,95,81,False,False,True,False
21,9eBNwLpvv5BRSyrE164pBVQ_gC-nw0M13i8mCM3rzbY7Cw,Eyes,265,I,221,242,False,False,False,False
22,Zskkg0rRWWQDs2sFJeTwpET1-VoJ4JPgtGtCCfhjatAIVJY,Gen G Quid,353,I,441,415,False,False,False,False
23,qEmmK_Grd9cUcNEZMfcxBKGW-JFRzuEKmrt8jk3hrVNXmpA,DFM Evi,409,I,153,130,False,False,False,True
24,BbFK3pbeLRs2ChZswV-E1E1Xou4o1DXKaedupLBPpFGcvAA,고1프로지망,195,I,98,73,False,False,True,False
25,ydGz-rEoHvV2oTd5gIM-VNC5jKhOZFhXmxC6m748zJdyXw,hi lira,350,I,238,230,False,False,False,False
26,8Erpo4VoB6YptPZyCy2enA1T9tKnAf9R1Yc0i9qT6_bJmH4,빵속에 순우유,222,I,175,188,False,False,True,True
27,TPZjTLpSSEbofQ9_0lnXlpE7pNiRKmMgA1I2YyA-SA6F9bQ,나이트메어1,177,I,72,52,False,False,False,False
28,e5x-ISRUq1RiityC6XQDikqVcOajdRu46uDXJ7iyYjTsr9I,AF HamBak ,190,I,304,289,True,False,False,False
29,1TuCMGYgu5_ok7NkjEnZIC9BIrGomSmOpKNzxwmPswkjfW8,북두칠성 간부,200,I,355,344,False,False,True,False
30,TggxfB3QJUg8Gmb-nHNu6NQc4cy0heRAFHxNQs-Rnyx12Xk,abracatabrr,375,I,242,237,False,False,True,True
31,O2UfClJ-eUlIKZVzKQrHaRE3e6YpGQdO813XlJdrkM0pIw,DODARl,214,I,114,83,False,False,False,False
32,6XMI2tAKDc7XVzp_Vz_66VyOj80e3fF3CyeQtY48C0hWoNk,전혀 희망 없어요,335,I,220,238,True,False,False,True
33,khyOLtAdzR3X607k7pNmUrvGHXdOPuxoQhzdoAK9NNUATec,fdsafdsafads,105,I,188,166,False,False,True,False
34,9S7hpCYuqwS7FEouxIMurQCNX2QcD-b2NTHQylKINhfpWZI,고 침,206,I,133,102,True,False,False,False
35,v_bU29gBnOEHPhnkoe_w83vwLlnUbv6CDRAUNLebTTkuNK4,Destiny YouTube,390,I,177,160,True,False,False,False
36,vKcNOy-Dj_B7MLQ-94SFNDx9urVGj3kHnmZema3bVnjbNGI,넌확실히강해졌다,173,I,100,86,True,False,False,False
37,b5YYw9kbJXUajYEv1SN6EAZKFS_0hKpxmxmdeQMGH-mgGVM,tiancaipaidaxing,256,I,237,220,True,False,False,False
38,n76hV1p8_s16JI5Oa5vVc1e7V1hrzRPYrthB9-5kHENG4Rk,돌아와 리정혁,444,I,371,327,False,False,False,False
39,IM2KPfrPME7jLTmSx1dmR2GZrIrBNgAynqPlcXn5sskykao,apfhdapfhd,280,I,191,155,False,False,False,False
40,YxVOhMYGizMeMxpxm2DAS0U_4tLDrnEEcNL406Qlw-vQDA,므라기,348,I,128,70,False,False,False,True
41,Z2NGXOQHBOGV3-9CYDKw__NMDVNX7rlIZX84MGeYSC8bk8I,hf ghkyu2,292,I,130,116,False,False,True,True
42,sV8mWHqVazvlZzoP3w4BeCjQ0utAMdnXeycIfU5P0h1lSNA,너의날씨는어떨지,335,I,247,240,True,False,False,True
43,l68Z9O0y1QIdY55kOYd-ExX7ueqlj9vi7hSCwrrNl5RMSQ,divei,348,I,130,110,False,False,False,False
44,Ep3eM4G8UE6-L7u9YsH7EyEdfy__HsrqeQwlsVAZ5cdK5rM,KkOma21,478,I,117,99,False,False,True,False
45,ISCYb9J-HPj_FsLqqQBxmBvRkuM0zVWp1mby7sPoUnyTI7M,clearlov9,357,I,91,53,False,False,False,False
46,FPMZnQnxqUvYE-F1CkAZUy53S3SDltTpyheToZYCpLq5j4Q,Ada escape,429,I,108,84,True,False,False,False
47,pTzwrKNmPIFQrHGUgB_07kf1z_kkpYvtozBq5K1zLcPirwM,LPLLPLLPL,300,I,135,97,False,False,False,False
48,ZvxQ7eaUTKhbK6C39jYtJWJphnTgOR55aJrbxnQUzXnXLYo,과감하게 주다,257,I,124,106,False,False,True,True
49,sSBOdDYpbEcafhou-SkofjLpDjNVEnynFLVfD9Qd9usbjA,존승버,184,I,388,288,False,False,False,False
50,RjpIoxCYluBnpx8_ws4k9Oa_Fwey-LymA7glp8Kg4ACuXwI,l   greenday   l,224,I,139,59,False,False,False,False
51,solOzB9xyUra5jvH83qTiEjEP3t5hOQ8KPkqLtRXE1HayyQ,갱붕이,223,I,136,98,False,False,False,True
52,RDZCZuF9fTJHNl28Gl81i7QLvt0X1uFgLMeIGsYBz9d--9E,OZ ian,325,I,156,138,False,False,False,False
53,OJFSOI-3FDgx-W4cWunXb_bBeLdg4nK3sqUXjXSbMCLEzx0,시간은 흘러가,177,I,199,172,False,False,False,False
54,iidBuEePCQtUS-NYOzDjdlE7FqX9U-e0aPNsTyomB6YF1FM,Lpc1,268,I,100,88,False,False,False,False
55,fPGH19MP488uDJO3KHl1hFCxEeHq9D6S3YJxO64q2Ay2XIs,다시 시작up,265,I,159,137,False,False,False,False
56,bELFP6s0jDQshvoKMuOGEzntfLuPEXdLGIOhOTV1jRNLsII,Sup du bi,439,I,224,186,False,False,True,False
57,UDpwm7CDD0Bmd9jnETto-QpI-gcW46PPlAFcNfomIejr2w,bey0ndsky,168,I,256,222,False,False,True,False
58,e0KYwBO-nTr0RjgnCJVWkJlV4YMLc6vh2hBLVU79rscTDUk,TnToT,397,I,223,197,False,False,False,False
59,nwwNSzWgn2cxI76f8H3UGBjgxYthqlwMIpsX2IJMQjZYydc,봄빵맨,160,I,191,149,False,False,False,False
60,IVt76EuHykX_cKFaNfn--hwQL0R3uS4I10y72qBFzLZpcw,Pedeo,94,I,156,140,False,False,True,False
61,GJbbIScNMRfFMLZ6FxRynvAFvq5IfGoxUWRwUzttAwOMOoI,Eerry,167,I,196,172,False,False,True,False
62,jgbIlTMgvVS9sfFHmikaQ9GGex48UtkxC7eLjdLIDLWmIdk,DRX Pyosik,407,I,251,235,False,False,True,False
63,aDvIlyUGJOb3-Hgm-Mmg4_L3JdWr97FIdMovV9L-VavE65s,19살 이범석,277,I,234,201,False,False,False,True
64,Gn669fAs1ouBTBYqMyqIqNED-X8zfT9KJteikB9qofRO0g,말라질꺼야,219,I,105,101,False,False,False,False
65,PIg1VH4BPPRto0tqJthSXTDL7j5XKRzdAOnifpNI_5EeqA,safhggf,225,I,120,109,False,False,True,False
66,9Z9WMyycjqjZw5EucLpPrJGj6CDxRSxjrij66ayhOyJYea8,풍월량머독침착맨,455,I,81,55,False,False,False,False
67,owyRHuyPN2wFbU4s4Gl2mLoBsSWTks8wZujtJYZAL-LnHrU,As 엘리스,378,I,315,291,True,False,False,True
68,q4sulpVLlKnQuJI5FXOnVyZ_EX-r1QCcPuLRvVelm8Lnww,게르세르끼,370,I,137,100,True,False,False,False
69,Y5Yi5eTA_kJqzdFH7_FilgKJQLke1tj8R3dY8PTyEKdvngc,통 글,232,I,77,41,False,False,False,True
70,yC_9-yrJlswJcSlTkbs67zibl7BJb_vv_BgSGOOPdJfQwL0,BOKGU,227,I,119,95,False,False,True,True
71,cWMevhjarubKXC0-zw29qkh5MuXmUOZXlnqKVoCSXqoTogI,be upset,251,I,213,198,False,False,True,False
72,50TAqgq7ZEyhKPC7duFcWU8-laGvYOJkMutppyptOtGtJEg,치렝이,319,I,211,135,True,False,False,True
73,hIb7cXicPo_0uiEzIOvQWpXcXjTcGR_14FjJVlNAxxWF_y0,아이타이,440,I,129,102,False,False,False,False
74,AtaKRKnZAk7M12Tr52rDhVHD5qSIDsREqnQd4c_rLZmPxQ,Hide on bush,267,I,141,136,False,False,False,True
75,FzbI6TrYLV6wLUTSMG0Tc9_7QOz56n_N202oW356U2Z5aKc,지 누 교,249,I,231,208,True,False,False,False
76,dMZhUpgsoiQhsEEdBzc6L0gpc0gculLk2bSWq8-3ATYXGj0,zxcrawqcx,220,I,111,99,True,False,False,False
77,2ifzmJqnJIH4QuAMYApPY6e8iKs1r_8ePIZWkUxzsnKYm94,솔로다리우스,216,I,173,148,True,False,False,False
78,D5pA86tQMDDrJ1j9I-EKG5zzh9yq5dsxrJ4BBFNTP5h7j_s,Sun5et,264,I,199,176,False,False,True,False
79,b83SC-23yt55-tqAUwfPcrl1CgRDXAIw_cuBOnJjrzL4V98,코도코도,373,I,218,206,False,False,False,False
80,1VmYZmW6rZoADU1ftgyX2Ff4XDzEC4D1i-oxVM2mRoDqmCE,허찌킬,188,I,111,96,False,False,False,False
81,RVyU8I5nJ6gy_WN28sNVgF8nbXeNVOQSfUaJ-mBKCLp9Z88,고집객기제삶자체,164,I,56,40,False,False,False,False
82,wmSIw9qmZnS0g59gos-WiwEnXqFFEMvMT_Q0V8FpR-YHxQ,려창동,388,I,222,200,False,False,False,True
83,sikMgxcuzLfyxQ-hiTjARTe8hNMP4A2GH34Pddq0ixncY1E,5doran can win,186,I,103,78,False,False,False,False
84,qszGLlR09-PkY4fyXCQKSogbteTNd9Z7poVRD6yfpswrJJY,bubeizhua,505,I,321,286,False,False,True,False
85,9tkXPEOJTSQEjQ5v_vjlhNRawMp8iiZPxMafW9QBL6rTtHI,pupurourou,223,I,119,97,False,False,True,False
86,mlTBnw4UDm9UPCkkiRmDCRUU9AY5gyHMXwaLoHZFYF5Mj4g,happy game0,381,I,127,122,False,False,False,False
87,4oR-0ngO9gSgv7-3s7g3FFx4c0iTIQUV_XrhYzFRZ46AC20,Nearly Dead,470,I,287,278,False,False,True,False
88,khZIuzJxy0pJvCTaP1STx2RRGH1HRSF-jY8N5wjmAmA3M3I,벽느꼈던사람,168,I,214,187,True,False,False,False
89,Tp4Xd10xkGLIb3_uHeRK1fP6sRFSs7L9nL7olNVdT96GiX4,삼구포차쭈꾸미,235,I,132,117,False,False,False,False
90,nuqjOvfHdzqv5ypwruoTPvHL7OCfrMzoSe-JDhUS4z3JtUs,lol1204,257,I,104,87,True,False,False,False
91,pReFWXumZk2PY6yV7yiH9IGCFgeFH4x2rgjqMeNA9EhVYQ,통제할수있는화,163,I,74,43,False,False,False,False
92,9KeuctpOIFoAFeS7bmEjACST3RcwTOa5NtFbVOOltGzI1cg,nanjing haksaI,233,I,248,221,False,False,False,True
93,_Vau5OJXyrGjMnPG8oueN9iJfFzGLY_IMO3smFPMARYeex0,qpqpqpqpooo,258,I,281,267,True,False,False,True
94,m1RTw_WU3xN_jeHHtV_-sqop9WzSruFSXknyRYYKVN99EQ,VAOP,153,I,349,327,False,False,True,False
95,xUQlvO6AR-7cE_UUTzhXZpU029C7qHX9TSh9lfxrYcBIRvU,Gen G Ophelia,229,I,347,334,False,False,True,False
96,cL5sWuuQefcLIdFymk9DtHPDgjIV1weC4YqfnprdL5Ns-o0,Lab C,287,I,126,101,False,False,False,False
97,RmIVnVxNeHEDwC9exMB-2gcJX67uKub64DfL806J95HM628,Sq Zx,159,I,128,89,False,False,False,False
98,qwxpc-oZuO8M5qGSyE5ikwYzMmfzOYuX-ziOWSwPoOfQgaU,치 열,353,I,147,124,True,False,False,False
99,1yMYGZbMjW31nt3-Ftzba2215p38TlKvQtKFMA02zw9bYjQ,예잇YEET,183,I,130,82,False,False,True,False
100,xkup8QCEzHme56NndJ_S9rqHwIvGjWu8fz-ccrNdvexOt3g,2020 1월 27일,292,I,98,75,False,False,False,False
101,PwtSqkXvfEEa0zkWaawicpsTmBK7ma2G0YjlOFKW3RSPaP0,정중지와1,461,I,161,126,False,False,False,True
102,GEJC_DCTGQhuGW6V5Cfa-bR_XRy5_W53keszqaqc4iOvStY,happy game8,416,I,342,314,True,False,False,False
103,U95RkRGJ-1ysEHgHiPiAHdUQQ7XQz5sWk053meSQ_ba_6Oo,밧형욱,474,I,107,91,False,False,False,False
104,pz0IKzP-SvOcJQVne_-bJFMUaFYpv5-ACkvihWk77wF30g,먹하고물,178,I,165,146,False,False,False,False
105,OgBeZ_-oOvC7_h8-nW4yZfjl6bqd6NxSZeuCH3cmf1_l2LU,li guang wei ,236,I,77,64,False,False,False,False
106,sZItqg50kiLP8VEbS0_a_sMgRW8bp3dJpbeE66c-nroMCw,yulia,233,I,231,185,False,False,True,False
107,l-rdd5eFj2t5AIJy7gFlnFi63IynZqGECJUijI2N_hiAPg,SnowPowder,347,I,103,85,False,False,False,False
108,0PfxTOT5pAgRlLCL9CK0qNK2WPu9XERLvcsItLIA3ju9Ig,혜민모찌,308,I,95,57,False,False,False,True
109,gRq-XA8uU_kr2LhXhaVSGQhXA505aTKdiHFaD6TlczuvSpw,문수야,303,I,263,239,False,False,False,False
110,Cy8OBh4CMw1HpaIeTmmOPbpMOUn-iYyMC7w8rpgKJJtmurY,레 핸,174,I,191,163,False,False,True,False
111,Us-lVdn8pZIYcvt6Wq5gQfyCD6tYVgGjZh8zeG4WPGAoVw,닥닥이혐오자,332,I,217,206,False,False,True,True
112,0ad8tLbVA_25XtIueBjgo2lLfwmdDicYisPhSj8vF1CG920,S1n0wman,155,I,165,154,False,False,True,False
113,U-LHwRiabV-5sKfyF_xPXn6ycqUXoj2p9rZNsqLD-4mO9sw,돼지 같은 팀원,226,I,283,271,False,False,True,False
114,fmNNRuOFLyqtUOzO7ci_YnvM4zZpudN_Ln-C80T5ybDv6AE,배엑크,164,I,330,241,False,False,False,False
115,3yqwRNzwx6HskF7K03n2_eGNpacKrM2fvvtSiHd6wmt3RbU,uskinoej,414,I,72,51,False,False,False,False
116,dyDXxT7WoJp944nkrO1g6bl2WnABNJS2Vrhr3_TPoADbPzE,점프뛰는나무,203,I,103,66,False,False,True,False
117,bOFl9QpgB-kuiLGc_lpYtyd7T4k7Bkr1kBsfLh-5phR51v0,PESK,222,I,215,199,False,False,False,False
118,bZYiAd-1m60niP_Ul2fzhvRrEIsVSzZLmF40UqrPylEQH38,mangseorijima,247,I,199,127,False,False,False,False
119,oGXBibfO22MMRvKsrbS-9PB-FzeRSHGNRrmOr1E1EpO99eQ,I Must Go JG,203,I,168,111,False,False,False,False
120,yQLroLdLSht_xKiMMf-8vcmxlij5BCecaycTnfEUJ69-kEQ,english pls,285,I,105,75,False,False,True,False
121,Aso8aW4vPDcf2ybqfsAM8zMAMl_9ItUb3bRI0JMnHruW1T8,haokaa,383,I,115,98,False,False,True,False
122,ZhPNcf4O1AO0kkkVM0xs7o8aZr2Tk3p_vQPhPSrTSzhtw6A,민제야,209,I,91,59,False,False,False,False
123,rAte8XPcR8Gl-6JeIP4jzdcFbcUz0jWq8KK5RyRgzSzNvQ,모 모,463,I,63,65,False,False,False,False
124,zJsqYUleV13Z0KYGBzorbXyuXKiszQ-NWTSoVSVNAqbZJdQ,연주  강  주연,283,I,108,93,False,False,True,False
125,GzRljqKuGZW5fyDFc0VYOK3lwy-1hCjRgKoAVch1l-rSsjY,duebass1,371,I,76,56,False,False,True,True
126,jmQHtpvgO8IGln6loeJ7DCr6PXaGWgxBo3h7asvb513fSKo,천불생무록지인임,511,I,262,249,False,False,False,False
127,M0beyN_M1wwIjiUe8mEKac8vcn13d10c7ufyLEopCQGiOk0,Nisu,185,I,68,41,False,False,True,False
128,hVHJ2uOYnR08pbjPCPnZAR8gwWGWmvOoqPPSchO11m0s53g,특이점이 온 아이,317,I,275,248,False,False,False,False
129,w25WspTVI1NPgR0N_bY6aNqAORHpG55juXckoRdsOe1CkQ,인천토종닭,303,I,217,186,True,False,False,False
130,NIO-kLrFsuAZwR35YSMUlsB_yicvsaK5EyrB1D_QfR-s-ic,Wyvern,410,I,245,237,False,False,False,False
131,jdEGWBAfqMhXTSfiyAFAwlkGYCJafEt-ceaT_AW2ds676Jo,뽀삐 정글 원챔,217,I,143,124,False,False,True,False
132,SjW3DBUTDsCwlHThvTJ2Sa1KXZ92MeJpextaqI7UJefLHuw,yanghesu,185,I,116,107,True,False,False,False
133,lKK6kSR3WOGy5mLl6RqEpyds9dr0gMBSDLIOJXQgDT1nBW0,담원 FIame,160,I,357,352,True,False,False,False
134,Q7QingmQlrsY_h_rSl8gkDoVfcpDlUtcGQcGavBafEY_aXM,Lathyrus,421,I,307,213,False,False,False,False
135,fudjkS-svwJj-ltB32chhZZ-sN5ELR4QLTGcs1LXbexr7Nk,믄똥왁왁,161,I,155,171,False,False,False,False
136,Nwzsyon5rpLNbuHalOIJgVB2yqqc0P6aIi7d0kUrGEPEoV0,Jin Air Umtiti,530,I,67,47,False,False,False,True
137,VIuPmUf43KoYJ_QvViCjpmU6l7rD9enn2OIc83Dy4ismcGM,샌드박스세레니티,272,I,85,63,False,False,False,False
138,ilCRZDjROpTF44Q8bWAWsHLft4MFTZluxxECUi0XPGzx3Go,8857,125,I,56,33,False,False,True,False
139,yJeDelDqyfi2mNULDoI4CnWl9DB6Gu-7EDGetGu5kZVK_g,용자호랑이,212,I,238,217,False,False,True,False
140,4zf7WHh9RqNG-A9nj2p6PaNSWxgN49F6WIICddtyf0T7SBY,486486486,330,I,108,84,False,False,False,False
141,P-QAdt1ioph5Q76IirwKcKZ3IgjhMGheDqfuQVzvgegzEVU,liu kuai fuji,281,I,212,148,False,False,True,False
142,5myHrb2IpriFTjejdl0sbs6AXrc7RcKELPht_r6FWj_Ulk4,wugaosuei,158,I,145,129,False,False,True,False
143,5xbCgoqEM0bjvMncIYy6p_dG0MX6sycBNe6khQQ1CLbA8qM,lxy1,245,I,92,70,False,False,True,False
144,AJ0acxvGf0H5YwH11UTGvP_7cmfZG6irL0QJAev0PUlysyg,19 Again July77,243,I,186,168,False,False,False,False
145,M4CQcT6Eu0FOXzaX6ZNAV9ljtI419v3QM4i0DHl3XXw9xEE,HLE Lava,135,I,211,207,False,False,True,False
146,04sEF7QF9Ai2og3jNLt0vGxF2pg0jCVI9Tx_BCzU7Q-JTH4,regal lily,188,I,542,536,False,False,True,False
147,6njesYrPJhwXKVP74sDO2N9G0J-ERCn4giJ8_6_IT4la7K4,Zomb1e man,206,I,131,103,False,False,True,False
148,ep5YWUTcWQKSEaOfa0sPLq3RWmOV9xcAMTk5v8rMmcUgDeo,트위치김수당,350,I,209,198,False,False,False,False
149,mSaA9d_X5zM-axA9D1QpuSRnIALk9Porhbqpc2tDxKswIIU,오현택의 개,274,I,153,135,False,False,False,False
150,EAh_28QHACWyOxoe6GcAAm4QzSaFz2x8Ela_u-tk2bmKTD0,Lost time1,478,I,273,192,False,False,True,False
151,IN1RSPtNDmG_Br0h9kMvVayLvJEPWKigruQ20JyRPEN6FJw,tiantianquan,308,I,183,173,True,False,False,False
152,vjLEHp7oIIkar2oog9L5nmEpQDdJImER4fSlM5YCIqxeY9o,나는 과일장사,170,I,194,173,False,False,False,False
153,RqrQX64O20DSN63u4wEzfURHIBja8mnvrimlZJrC6EXqxWY,hkmispig,304,I,76,60,False,False,True,False
154,72UE_Jr9BBOPgWLpwXJYdAjeG6lVrVxEG2wHw1PLn-HUauk,아프리카TV리리스,327,I,91,74,True,False,False,True
155,xDZEePiikIsL-tqvNsEgu0fjNuUiVyGXUrgDFyvTksIsXHs,galbimando,118,I,177,181,False,False,True,False
156,iQOuroT3Mpm5VNgutYO6x_jpDCYHMT39mhq7jKsxz5Gtym0,BRION Wizer,295,I,70,60,False,False,False,False
157,1cT3s3BI3ADZ3b-jVZHWWEAsrxt7DiXMuWVX5qDX9yIrWnQ,AH67DVXXS2GAS21,162,I,68,20,False,False,True,True
158,ZdVqp-6rp18nT547jvFdR8PYlsHEV6Zo4EGAosMoWk4nsw,설날떡국,191,I,87,65,False,False,True,False
159,oVTqs0EEYj0eaigBjKASL9T5fbDHO9CprI-b6Qb3nItUu0U,HLE Burger,361,I,299,287,True,False,False,False
160,YSiqWQoWI0graCFPhTMfd6N7vcfY0vuaOWS6SuRWvi6ljg,AfreecaTV방태수,175,I,241,242,False,False,True,False
161,oxmoIKqg0qpTB1PouHRCtEVgTtCbQ9fDUO-5fsKwHQGqisA,XF mid,416,I,201,185,False,False,True,False
162,k-lpcSC_HY4CDXnLtCZqsk3wo86dE8j-c5oZyDly2OpARFg,그땐 그저 좋았다,378,I,105,78,False,False,False,False
163,p-AV0St9Eot-DBD_twQ6i-LxV32qe5_7OutCaJ3WxMsmZjU,GCA Star,253,I,175,159,True,False,False,True
164,gwVjb5ICIwzGf8QIv39Zqgvh6IzY87RybKLaVpHsOt8OUsg,크림몬을 구독해,371,I,194,168,False,False,False,False
165,E2DlEcxC7Cyec7WU0PYxBRN8PVs0iwkL76L2LacSyAcX6pA,린 홍간,411,I,194,164,True,False,False,False
166,a2FY6o1BwbDmY3Xj15BPbegDMGa823uLujnaRB8QkIct8Q,Toyz,153,I,174,165,False,False,True,False
167,xQv3FUYWRHDod4yHq3EYszMlJmqK4XVUAbPK9a7IfEZEcWY,TopBoss77,402,I,337,234,False,False,True,True
168,SBSfmkcHzQEdAyltJcKysj2Zv--0UIpSXZUKQF61scMerVA,피아노잘쳐용,363,I,86,51,False,False,False,False
169,YoHM_BZfDHictsb8z9ze4y98C-duZ5nsyr8T5TrvdqAJ-Ps,ELaB Soft,260,I,327,295,False,False,False,False
170,eTgna-QYg6GDNCjp9SA_iPXHMp1Kn93Wnrm9SdXZHz5UYSw,마려운남자,210,I,348,335,True,False,False,False
171,-l4xNLsxeDiiQdsKozt-ydOL1fWBr5CnIfXKX2nfzSU2H1c,H2O Man,404,I,163,145,True,False,False,False
172,I5q473GpXqUQsZ2pVQHVhgz9RAgYE2CJ-QU0SKufMAK0_ks,다루다루daram쥐,178,I,136,130,True,False,False,False
173,uZQPIPhikGrLov8IK1-jYb5tdKr_NhtaozUss8kld31k7_Q,송쿼드,346,I,71,60,False,False,True,False
174,BqK26z7GU-VNlumCgnKedN-N10m_YVuFEnMUUQvJ_4rlKew,오리지널찰떡쿠키,286,I,36,24,False,False,True,False
175,mIftk30rANhCz7Ba_1UUvUpuMLaA2soQ2z8EX74vJYS6zWI,Ezrea,228,I,197,170,False,False,False,False
176,LAuwNrlvHOIRbBA-sqt7lx9MELoN7CUeEvv3BsmGYz7BdSg,주먹밥쿵야1,264,I,62,47,False,False,True,False
177,RArd_zaFHc8fwHdpUCxvc_UWo82ORbiF6t0SCSDPq24zYA,비뢰월,210,I,204,188,False,False,False,False
178,e3XyZhnmW3jcwPwMiv1VgCzSBYrNXcDeiaxtfNwHxgGQ4pg,인생목표한남더힐,172,I,81,73,False,False,False,False
179,UiAKsEcmoU5fzLAPe6iEzmkHSSJMgS79LnWyP251b03Yl54,무거운어깨,177,I,60,37,False,False,False,False
180,Nyz8xOvRrd8hxU51nhnjyRsTLXYPnsgTu15x_sHMo_ww_yQ,공주가현,174,I,101,87,False,False,True,False
181,LjANngk0w_lX_y68_FYfXG0SjxH39t0XjCw78y-pwXzHnlA,7777k,484,I,302,265,True,False,False,False
182,HBwTlDEkARh7Y13AuNbZNCTvjDgoZCzUTGKfFWioueO6bXA,구인수 케일,384,I,102,93,False,False,False,False
183,lC7qKb1a2qLBLq1r2eAsljS3iMQaIxeHsbPklBdR2DxPN1A,liiiIlIIIlili,438,I,96,59,False,False,False,True
184,AgGWrt78GL93yjtw0PHP1bdn5Uuj7_CU93Px-oxhtMyG9IA,원빈쨩,331,I,77,48,False,False,False,False
185,odls-XgpO69KjjQbV4kKqa5bZIQYUygx1Yivjin2QQlWF2w,Tangwagege,424,I,143,122,True,False,False,False
186,xTHfkuAEvuGOfY8dpUufJJPsPd1HfS79AyFjplx7Q1yxbVU,두더지형님,509,I,319,330,False,False,True,False
187,yTxmtHbcPOTNWA7g9JExKPLWjd25fvQjIAEOVm7eFjDdXg,밤걸음,220,I,147,135,False,False,True,False
188,MOsX8oMfwsrigbHQrF4D_ouo4WHyQwEW1RD5b7vtlobcECg,Zaovvunongren,266,I,162,142,False,False,True,False
189,uM20TpXdUuIFYxeBeMIkf765hgk_Z1Bd3hqhQwL-d5F1pmc,도녁갓,226,I,340,320,False,False,True,False
190,QZmf4w0MvMSg8457evQ7iv7UAmfM2I8uZy1YszgM78JuOSw,휘발유칼,256,I,278,260,False,False,True,False
191,YOfryL2oojv6h8Q5UoAn6TKXVj2lqWjrvXJTlSkWjEEAQMo,EDMEDEDM,76,I,235,173,False,False,True,False
192,Uqsf5NJ3HJHqyDZu7at13D86nI_QD6bJrAwwbWNgcEcZkV0,SANDBOX JoKer,468,I,125,99,False,False,True,False
193,22ggwmSIMD1P0Asj5c2T6MDjWMR6FNaK_Kev33vqS8lJI6w,TwitchTV 김망치,497,I,135,116,False,False,True,False
194,xek2IlB-3OWOZ3fhzb8PJyVZqrFiBIvaLWCiz8LHP26MaPk,ap4369,437,I,111,67,True,False,False,False
195,5wQ57iY6hYcJSKFYHwltkesqOWEliC0KJ84mLXsLD-YX_CE,힘을 다하다,304,I,302,277,False,False,True,False
196,HmhKvI7r9xmMG_3kUuiYP0iPAUp7OIw9sDRAYWYSCxuvA3w,맑 닭,187,I,92,54,False,False,False,False
197,bLX_rUzamdBfZcprdpvGoNfFGcouOsn8vCIQVqRTuy-o6ls,비 여름 장마,122,I,298,302,False,False,False,False
198,mIBPkUrsLzZwDkr80H7_ZBx_ICkZks4sFT0aVIswj0J79-U,약한척 놈,532,I,161,113,False,False,True,True
199,zXwPVBnvqCRxpjg6sOGsZ_2-nW0EAI8TfQ2ksPr88Pw7VRQ,assassin0,197,I,153,138,False,False,False,False
200,Ip4RxXXHHJaXvJ_7qRXBt2PJeXEiHUZkB3sRJ-FgZKIPaTs,홍삼맛 딸기우유,346,I,198,176,True,False,False,False
201,KFg3NBq3RAZXgMa5ev271tsvQcy_PnUaC_Z9yyfcyb2vGJY,샤오 쑤,249,I,80,67,False,False,True,False
202,uqzFPeE-Zt9imjhfTIxrGZMvvugkkRnvmArMlmAiPdzETak,제주고 김승석,516,I,165,129,False,False,True,True
203,Z54Cxb0dZa1I__Vpk08hyM9CrclyhjP1L6P8gGSv8JiORSI,지솔직fan,267,I,166,90,False,False,True,False
204,Sgeb93IB4kz2OJ8BOD_MmIFDZfX2k41jeBqCwPPpzf4thH0,Nice Mid zz,216,I,195,173,False,False,True,False
205,u-XUVxWyZPnlKJDXXn3MoPKTzTPFYNe28WJAWHtZaQyMDpE,스너우 꽃,157,I,44,32,False,False,True,False
206,4f25hQZ4JUIbwlL9LQ48jTyIHBghEhb3HoWZtjZSFYdBWLQ,Euro1228,169,I,146,128,False,False,False,False
207,9ff2RcSJgreGtz68b-NKlUI2UnoS6WmqKXrzzDIV3OhUwGI,만심천하가능인,312,I,187,162,True,False,False,False
208,3VnqrtTjbctIUUARha5QEXFLwAcdiOUzPxH2mDK-CBVNWQ4,따 균 Dino7,198,I,292,278,False,False,False,False
209,1pJ0u304QaJOybnzdStrL_OEgWoddoxNDRvSd2qkVT_MpAM,hashtag ad,226,I,113,71,False,False,True,False
210,2gbLJ1r2pWGVfNXaglgXZV0OjzdV3Yp4UoLx22Q0C7zcIQ,GoongTube,312,I,243,224,False,False,False,True
211,g8rowgqrm0FfSFkXKhBn3ryZTwKU3owgtXFP20CzrXKnss8,핏빛 계약,436,I,60,36,False,False,True,False
212,gYTrJhN9W5qzqtJo5s60l05D1t8C8t3c4nDTv9vxHPk2xE8,R1 Powder,420,I,103,79,False,False,False,False
213,Z2A2kVmYykvYjdBq2kdWwj71W5BYcF3cqK_G8yG3TXWB2Eg,매일참는여자,250,I,121,85,False,False,True,False
214,nzcKUNMvN_QvF5mzSl3mGRpVY3zXg6iuBRtMGfOqtGT4mKw,42151262516,449,I,119,97,False,False,False,False
215,syPyyQs313pL__AYkj1O_EvGpAcMuD5slq5s6p_WZjoXbVQ,우주검사,221,I,137,113,True,False,False,False
216,6r5s6K7yYXokSPua_wHbQZowaTE8Hw0ewhoVJnA_F5e02og,ZVT,215,I,116,119,False,False,False,True
217,3mJOGTNGkmNRoIucMvG_2mv_AkFPEnV80zfYJssY9J2UkjQ,hermosa cristal,197,I,125,103,False,False,True,False
218,0L33EWiF7_8iQI55X1Trgca56ZOavWcL34tlaXW_CcplmA,Afreeca Spirit,348,I,125,114,True,False,False,False
219,327ejtJFmGFy0a3ha0S_Q6IgK8Z0_DTuGaLYe3ZecePXUUk,IM Karas,477,I,189,158,False,False,True,False
220,AqK0Xjnc93jU03IACRjG4OCSDPGIrxuBm_-1XNP9Q_BMUPA,wfs,457,I,74,63,False,False,False,False
221,LSQNaH-Fnsl2q0eXhs6G_mROddhsXsk-5yn1mKVLDFonke8,dao xiao dao,237,I,281,239,True,False,False,False
222,sQ8Hwd_RbCApYDHPn3mLeEhEb0ihHoc5nNCJSYFzePVw4UE,cjsrlwk,216,I,199,181,False,False,True,False
223,vJDTkbaTfS2ket6PU57pxo1VVT1LhvVWfMHaY6KXBBx00ew,Lego77,467,I,143,160,False,False,True,True
224,Y-cqsDiVNGcc_eTYeTjtPKZf6tCUShyjV_d83_r1NA1iow,나 똥개 아니다,237,I,63,38,False,False,False,True
225,aP31uKOgwhf8wMrNxGxjbpbV7fJtjgB7dXnxQ5X4C1S2Shw,zz bot only die,179,I,66,38,False,False,True,False
226,da3VfNHOOKtW2b6EcuM_ead6OATwYv5GTIqRytOjUhdQkKk,Noblesse Noir,468,I,260,227,False,False,True,True
227,hgJW3kzvNo4jZ_FSI246W7CX3ufLZ-cQvdeHWwSVzKYdhKk,이현이댜,322,I,165,140,False,False,True,False
228,q-5XXiNY6D4oWnDmq5zMjVwzn6D_eZYmMDzMjzS6JUf3sT0,작은 모래성,318,I,114,86,False,False,True,False
229,9zZsl3PDaGqbuecuXmyfA2VuHTiUIMhJLH8PEVOgC1jZBGk,H core,295,I,155,137,False,False,False,True
230,3QAnOXKj5C4RnNC2eCZuOWNgC-GMqGQsg-UsbexgCAHPUg,ChoGod,271,I,131,116,False,False,False,False
231,n7s4XZYzkrkFEPpW1YGlnLC_35GYnOeCRWLBOOu1uD5-8Ew,SekwolOwO,451,I,172,113,True,False,False,True
232,ftmbt55amSts9vEDosrFKVfzqyclquPJsYEeq7w0g-4NmwQ,민또닛꼬봉,209,I,185,166,False,False,True,False
233,fR5LJULRB237dUBMPnbeDBy6d4oLpPbP6OGYYSfGhjiwRnQ,환리승,165,I,48,26,False,False,True,True
234,Tnv6yfusmi5H2CTblaMFgv2Q_qI8Jl8Vv5SxBAayKFYgw5Q,협곡의백정원딜,238,I,139,116,True,False,False,False
235,99lx2rS_zQ1E3HdyZA70iXKm-A8tfu2IWYL1ipwwSo_Asw,압도적인,178,I,66,77,False,False,False,False
236,Pcu-Cy_lieCE4l-N6MR2rj4MYc4VmKBhe_2bF4PIyqED3vo,피즈는 좀 함,231,I,103,78,False,False,False,False
237,QxXBbnfSy6TuPcPp1HhnUKMfxHWlwy_uO982WRb2rZ_6ng,Jan Zin,435,I,112,69,False,False,False,True
238,-v269epOO5-rUp__tYucm7DoVohJOrPE_eTCGao4HCcgjtM,DRX Dracxar,400,I,86,64,False,False,False,True
239,EUNebDz4_7_sm7r1a1VS6so5D5AcjY1-l84PU4_GPo6KNbM,됨니까,248,I,266,246,False,False,True,False
240,-FHdz4DLdSK70lSrmMi3t7BgZeuW6Tor0Ohf1u3leGUfWFI,불꽃남자신동진,286,I,238,182,False,False,True,False
241,2T8xVmETRh2y28UQhRE-hgUvrylutDSXaoI-lDD4rx4f1w,달성서씨서예성,514,I,191,161,False,False,False,True
242,mkNW5P0v0_U63DM3jyVa2fg4jZLaWSNfi57XFm-qi_fskF4,캐 인,416,I,167,181,False,False,True,False
243,u9lDOHfJPBGan9vEruQXLnOHRgYfaz48vlfPlNYr87T887E,엘리펀트 미스틱,203,I,129,129,False,False,False,False
244,OlMnJ7Tva2mhJcw8NnOtvXxdJDOOFTDm9AjsJCQ8QPl2whY,스타뜨,173,I,177,173,False,False,True,True
245,lfH3ucHegAOD4Pb_b15AVVCYA24FXmMQSSUD1TREL9IzeKM,wadawdawwa,170,I,178,100,False,False,True,False
246,Iuswjq-ETVvw5KLepw4NbuUj1LN9Pir5MGLuBb-nKLF3UbM,POGGERS,166,I,286,263,False,False,True,True
247,3Vc_G5mB3kb1DxOn52lMjmFT5xOzuPefj9kxKHabEvDbKVM,12312312312asdf,525,I,288,244,False,False,False,False
248,Cw7KwoLpdQSWRVJM-Y5NtgOtW98RQuMOlAcyjsOXDLKecA,MAI WAY,316,I,104,83,False,False,False,False
249,rBugrDdCOPp9vNlnkj-_2YcOPd4ZqWhp6CXyzy2mpmoKSI4,klsama,211,I,304,281,False,False,False,False
250,hLJI1aakeRwS6JlfX4jJZPDAm9QcPQ8yM45Kg1sRj-Mqmns,준라가스,336,I,148,138,True,False,False,False
251,dRlLf34VKrV91SSPzXdwwKbYERXV8WmiHJ3w9-hSVhwb7wg,0dada,281,I,76,55,False,False,False,False
252,RshhSEGSKI3zasO8yl0BD-nYkv0QcMyJdfGB1zRm9b1mE6k,46546asfasf,526,I,135,95,False,False,False,False
253,9yX5-g38F-mmNR25jcFTAZkCHCDlmA5R52teS558YeEPgCo,2l3204284vu0 ,408,I,324,299,False,False,False,False
254,YCQ6j6jQDuJfpfWFbjTlAEuU4qjhVRPTATDR6UjItIgkM18,도한s,185,I,104,82,False,False,False,False
255,t6_UM_rAXhoHUDPDH4brd8snyKS3LoAtq2GOwKnZh3J4SJc,lllIlIIllIlIl,274,I,276,296,False,False,False,False
256,yrPWfHpMyeKo3ddDZfYFrkEJVEkDvk9JI1RFIyGjOeG8bQ,zai meng li jian,267,I,120,96,False,False,False,True
257,e2iWym9ijmC2EBHqPIx0tsziFGjV0OOLrqWkpJJN7G4TaAE,By myself,263,I,135,102,False,False,False,False
258,4UgL0Vw7HZ_r_vKDr9M8XidYwzsWCKT1e_a3R9jw3CYIVq0,apapapslsl,429,I,67,40,False,False,True,False
259,PRbCJ7fn3NYOwxBwZbJllw0qhXcsW4c4p77IXNy70IdEIw,Furyy,346,I,86,61,False,False,False,False
260,vRFV6OOuL8wQgHCHdejMTuHR1gNWn18Hymoesbg9vLF-v_E,madkoed,452,I,286,264,False,False,False,False
261,8lwjstcJNlK0oJpQZg4o4sZ0E7Z_5BpWnBs6zo2E6OTPw38,yilei1,487,I,97,70,False,False,True,False
262,j0g67GHQ3lcZh3c3flA7AAGBA_S-1cYpITxG1VpnyLb3Qz0,Aibbly,269,I,164,152,True,False,False,False
263,tPwSYpkU_XtBq8_v7uFdgs_sx97Jb5g1XFt1Iy1Ehzk-bvo,T1 Oner,399,I,398,275,False,False,True,True
264,BuEmf5H2a-cMqAnbo6yzAdldY8a0x6ergpVqmlWYi-azuGM,Shadow2023,241,I,124,105,False,False,True,False
265,Lrt9WT2fr0MncyZEhdYD1Qx1e15gztwn9EJ2khdwSqwiYT4,Broken Rebirth,177,I,410,373,False,False,True,False
266,YquA94DoBLGUhu7smfGE5-xkczgvZui3LLHI0PNPk6gvq-4,SRB Emilia,248,I,99,86,False,False,False,False
267,64O34KGYVESgDGWmuYQurd4JCEsTcgnwLpExsAP-ZAOdl3M,f655fe8a8e0cad72,262,I,351,323,False,False,True,True
268,ckNgRBiFCgPXLcAOleN5-aXmwoOZQWqU7txdod3NfkroaA,KT Kyuhyunji,361,I,73,46,False,False,False,False
269,qpxw7qSzTXpNBYqw5mqkPWYkz89VxHbC3BhJOb9BQ70CsA,나는 테디당,115,I,246,224,False,False,True,False
270,cesPDPsBYqlHUGHxSQ7yrzA89r0cDdLU9RvRlX3tZ5O_cQ,CHANGMO2,246,I,178,161,False,False,True,False
271,5UNzPcxvGyPLMa_mQfAJSzHO8dSzSVecSTk6Z6ATE5Xdr-U,새루는 죽었다,300,I,122,106,False,False,False,False
272,61P6GMY8icYV_mGdbMucN_FxR8uDVT-kIfpUAvpZNvyGDs4,유튜브이성진,321,I,117,43,False,False,True,False
273,htT-fiV9UpWtBzz-T4rUnhDrA8cMeXhGEr_EWUAUI6xmzXE,조원고 미드,288,I,110,75,False,False,True,True
274,NjEPXi_WFfht_pgv3svM663gZENjEnaUb1pU-TyWMCpUoqM,까비KING,141,I,158,148,False,False,True,False
275,Uo1UNkGPxIGu8qwatdNZMqD519SzaHlp2H-RPvb91wBSvIg,만기퇴소 전역,264,I,87,63,False,False,False,False
276,H9bVWkwV8bBqcNyJ-oRSGvk_8I2iN7pE9EgMMhBr8EbANw,넥넷피한,221,I,63,44,False,False,False,True
277,MhEdCfW67MJfTQod8Uk0hwDPK5wg25HPhmW-7_VT_X3eDd0,lure heart,272,I,86,77,False,False,False,False
278,vYnQJ7cXjhbdLUEWw4EhB2PPjOh5N_sT3m0fUkkJaDCNvQ,Awesome Ferris,317,I,154,130,False,False,True,False
279,zoKOiSpyVJB8HiNtXaK9PRIX7irawwNqXp_Y54EC4moKqw,당산동1가주민,183,I,198,159,False,False,False,False
280,qoNryVwG4i64ba-PPHGjLRUE5tfhjTG5pPnG9cszKBQx0Q,엄청큰가슴,317,I,261,184,False,False,True,False
281,fkI54Dv12SMqeMjWJOR0UrOXE29hwTT5YPeIUKOGKh34FBs,marco123,95,I,115,104,False,False,True,False
282,g6-_-mUg5Tq7XTHDTav91pvSVAA-hhfcvVNR7CB14zfYJIg,해성해성호,322,I,300,283,False,False,True,False
283,hRwbZGEiII9xcPFQW2l9F_2MMerT3B0KVIEtgd_HyBnuPK0,DYN Beyond,344,I,266,256,True,False,False,True
284,qgoEhP4NDmVwg3FWnxowK3rfkYIQb1VeMLog2p3fTxZvDg,need team,195,I,86,98,False,False,True,False
285,hEjKJWhfsrObHgH748YZAam7pfMGOy24g6SN6c4akA3jCrM,가르침받고싶어요,172,I,340,311,False,False,True,False
286,BANYvJa5T6W9glS_el0DYfH1ILrH1hSqitp_Sra4CEUDC8M,Sangchu,454,I,112,113,False,False,False,False
287,DmBmnCLnhenx7f73TM4z3eOi4BSLWAY7g8mxr-Lf6PHQx4A,SANDBOX Leo,246,I,41,34,False,False,False,False
288,oWOB6fF1sGFcZQngzU8GTuyoU7EL3Rb6SkZLch1pHU3cPzc,NIASAI,80,I,178,170,False,False,True,False
289,OcU4g64SDUpBMlS2MAp80nC4Keg7CqS-n7eVlbdhxmaGP30,갱붕맘,409,I,87,71,True,False,False,False
290,ZH6NsL_ZWEUyfHQ2qUnrDzvx1F-HlrPyK-1Fsba01ONtv18,잼 비,232,I,128,116,True,False,False,False
291,NLpi3M4Cy-6Q3J8s3XaCnmLK4abvfinhFUXnOYlj5GrRumQ,HIPHOP neva die,324,I,148,114,True,False,False,False
292,wxmR9h8tm6JhZIAaDBBtaqWaPKOAgIzNjzc2sYIhnNGvJ2s,뚤루루2,291,I,192,172,False,False,False,True
293,oQ5TP14akPPYWPYe0-7Uma6ymeqoaPdxQP5qjaqWc0AdfQI,Wiss,129,I,148,110,False,False,True,False
294,Abz2hsHitwSlw7FQtyfDfTyz-I8EbBl8VMwFKQ5HKN-qJuo,하 멘탈이 터진다,254,I,243,226,False,False,False,True
295,47C8vZwFU0S2tB8pmU24mp5CYvipMsxEtq1sBE3JUEKgmyQ,Estar orando,194,I,159,146,False,False,False,False
296,GkwTRCcFJKjHzWDZ8OZzkvxqpLEakTShjfnLEQlnUWu55Tc,Do i deserve,259,I,200,182,False,False,True,False
297,46j2Nd9Rs68c3__2pNDNburYk6TKMj55kkUaizgRiDpXW5U,Seorabeol Gone,452,I,115,84,False,False,True,False
298,xqhiuRVLtyB66BhsDHlI4V7x6fgaWfvxRcmrx_CD26XHkzY,Twitch익산누누,525,I,103,83,False,False,True,False
299,UR2FVLQox6TsFskT18bSsyzLsoR1sjqaBkiiwMFBldQWchA,더 노력해,408,I,394,384,False,False,True,True
300,pak7tTObh7QWsWGLNPk8G3bqLQChGel5s4DWAekq0ccgUng,뽀허니,323,I,222,205,False,False,False,True
301,G3qjSIzFMAJre-lpDqdkJ9h144Ra5vmhjJSwbelUuJjXRw,허찌갱,189,I,82,59,False,False,False,False
302,tOLIrNl3wqZ8r0L_xravpGxV6izEhMJiQsvJB_ZoeBhPVio,HeyGirl GG,372,I,338,311,False,False,False,False
303,AhqS_ixusM5InyTUUF4QyOQb0V5rY0e0jfAZFFpyjuplv5s,잔나님,239,I,76,57,False,False,False,False
304,fvaqJw7GMYCIjCM7YmQUY1AfgbgdMX2aGqhGo9_R_idw9w,이보검,411,I,193,142,False,False,False,False
305,FVkiDtJ8H05sNqiu0nyts60zHARk_6fLnZCNA0Bx2Gq-7rg,try try to fly,535,I,365,324,False,False,True,False
306,8RVutny1mlAsZO-VHqcJ13pWFbeVeoI1U-WMtp2n5o7xmC8,착해진우한,209,I,131,105,False,False,False,True
307,UtF0b3BfQfXKTeH97-b_vFgLUs5riNEifSUWSK23juawrkg,구따라라스따라라,377,I,292,284,False,False,True,False
308,joeRpUlw8U3WULNq77RW1ApnXcWMikUSo5z8v9YtCI83sGI,찬우정,315,I,237,218,False,False,True,False
309,UX2IfCAgd7sYYSUKiyxt_ZPeAx3eUwoDqC6zvfY3J8Tdj84,DWG BeryL,522,I,173,158,True,False,False,False
310,94-uqCib4lvqS_2frw9I6F6RkcAf_x8tRnt9neJmGr2jxiU,SOMART,186,I,175,149,False,False,True,False
311,_MpaVvQLe18SefNGFw8Y3duF6JeRLggmXSHPlqF89wtMves,Twtg,521,I,188,163,False,False,True,False
312,qMCYdShZAEnZ22flGFRiaKJo3uSFViF0Cfz7pjva5orP_LQ,prob,305,I,68,44,False,False,False,False
313,fPXnfiMXcAMLc3jp96LLutzcu24_m96Q1bN6mXnlPxevNsI,i am lose,519,I,85,67,True,False,False,True
314,MIXDz_zq_abZh2zLQH8jTWSgZZbWzw0PMt5VkDNth6RJrw0,wangechuizi,302,I,73,52,False,False,True,False
315,GDR-PpKG8cbQZm7aQk4GmjkUdaLhL1zfe7cVioho7e7NIb4,asdf숫자,442,I,150,133,True,False,False,False
316,uPXrBR-wdYGx5-tzKBq_FSCG7P4dOKb6Eddjnef5HaUWD6U,솔랭테러범,239,I,270,249,False,False,False,False
317,raWSbTrlmHhs2nRroEqd7qgSATi3cNz4C8Kigz8Ewqq2Lj0,쓰레기중국,251,I,65,45,False,False,False,True
318,0wLoYNgKQs8in33gK01b67BPIvCjJdOZ9Kv5a1zpxR_h1NU,쓸데없이탈론만함,485,I,220,197,False,False,True,False
319,Yuw_1Hm0OeYrl_UKWezRUY6pMfNtRIAA-2RGks1XqkkTRw,Lv 25 버블링,204,I,120,102,False,False,False,False
320,QoU7mfJ6fGbzqS1HHVxD5BKDU984e8QbX4NprpQ4MOrW9w,everything1need,161,I,216,209,False,False,True,False
321,8doSKLrcCWDzlsm_xuWwMe_-5FUyUkZ8VcMDUSAHajO1oRw,Yun WAY,324,I,195,171,False,False,False,False
322,ciMkOoR3usiphe82GSDJZ685L6SDH-kx-Gg6WEETZI2cZYI,O x O      O v O,338,I,236,148,False,False,False,False
323,KLFEZ1u85omYnD2fdJ6y_STZ0-6OtkEISzEqD4LGYZmZe50,나틸리,164,I,228,154,False,False,False,False
324,brsyK92hODLxR3_rQyFMjA5ORuEd06iNoLswVU9aTlh49o0,NO F 0 FO 0F,267,I,54,32,False,False,True,False
325,hnG8WqjQhLJ-A_4ww8tDXZRDdZM5z13MbhX-xYV3JZ2_Ag,질 듯,247,I,284,270,False,False,True,False
326,TTy91Bc7RjqZuyeLwGURC_JuSNrlNJt6kHbubwSoqdz7REY,Reheal,231,I,45,27,False,False,False,False
327,K45abJ4FpRm3RgXTPkzm-_RV1mZUIVR5aYTgx6tFpWigAEY,02 ADc,211,I,92,86,False,False,False,False
328,cxBkM680Im-BQtq3e5_tqMMVsHtaWmwtwlaUnMGtq36nqUw,Sei3e the day,455,I,107,97,False,False,True,False
329,GnXRUNHQUXkKQ1SkwBWefCzE7Par8aJ_hXn_QthBY2l7ZYE,괴해신살권,299,I,125,101,False,False,False,True
330,87Jr7nm-AtiiVPuQEoQ_7C5vjarQwKhJnAM6iKQqVfsMMAQ,블랙 고기,290,I,108,84,True,False,False,False
331,rDG7eTK-r8_PXY6K3lUka2IrhQmn2Cth4Ng-cfFnsSaBgwA,ALTJS2,338,I,168,153,True,False,False,False
332,R794EuO46UKz1fGUtwS1hh50PcBlLAfIqRknof_NmMS34KU,Morr1s,300,I,343,318,False,False,True,True
333,jBiQaypMIN9MYyiYqX6mBxWj5vHpFcwElKHPZNL8r36gfD0,SANDBOX Route,430,I,191,180,False,False,False,False
334,FN9rhE0sYc4xYV8WAdq7ThwjC24ubmCnUB0hTKxIDSuGJxc,알파몽,188,I,79,63,False,False,False,False
335,bam7bwqPQcDoZgTW6lrz5Q3UcSfYfoWUgb0IsuDBBGPT33o,tlqkfdnjselfckdl,219,I,184,117,False,False,True,True
336,nKD6FCrSWuETT-KjJluDYlkdojukY2oV63QaJZdGqdMEyd0,질병관리본부1339,310,I,106,81,False,False,True,False
337,L2OqRdR3OeaxAQYPvAFrjkqpeqW0X4vyuntAiRPzxjAgWAs,정훈이는 못말려,157,I,58,67,False,False,True,False
338,kCtpGInMQOFMtshOy5DvbiqhpG1CT7c_TDzkdf-TbDbHSWI,edgeeee,340,I,430,403,True,False,False,False
339,x4q03ry-vK8g26oAX2KU_JxNffOucpK4VwjGs64ekOgMUvw,Apolosius,296,I,337,321,False,False,False,False
340,IrAnDCfTdv-J1IAAWfmAp8GqEaxcp-ABc3XimwGn0NApwIc,김도칠,254,I,141,117,False,False,False,False
341,f-NqQt62QSiI-p6UdIHgSqEzgnCaLiL5jfnXYViq8q0XJg,R0KI ROKI,262,I,367,352,True,False,False,False
342,jD5UQgqBglfHapmjOrhqTOQhmz18TgLoHgFFuuioTY-9Bg,Azhy,519,I,95,74,False,False,False,True
343,ii0wZjMAn0ANkP4plElsNY_3VOHtbGlw5zSOQo7IwIFhxQ,Cherish myself,353,I,122,84,False,False,False,False
344,hillqkgY1mZBrZOMV2Hz7vxxd764sLlLN56g2T3EWEVlKw,포항참치박정훈,165,I,165,141,False,False,False,False
345,Lyqe1tDb6-SvawHr4Nfqxm4Bed_JPfXhowbE03rrUM_ZPmM,식혜성애자,185,I,187,174,False,False,True,False
346,PmkMaB0e9BiVzeKbhQOiX8tPyK6X-wrGhSAZUW7J7OwOzMw,고개를 들어 ,206,I,115,93,False,False,False,False
347,KDWru6h8Vt32U60KK3a8HMFd-X8NqtmLQEdvoUjBAYxm-b8,저집 코코아 잘해,210,I,73,60,False,False,False,False
348,Fe7wfgrkzMi1YmsvROhdOQku9xmOokn5DyIUxRWVNJGdPQ,Ordinary peoples,204,I,112,99,False,False,True,False
349,J-oRf9Z36IRPk07Ai0t4zdUfI_hx41bCIFCXUs7eFErAVg,재미가읍따,430,I,192,192,False,False,False,False
350,3CRKNekDo_8xf244t0NTaklUVELWSi4JN3mfUM1_WG_a-BY,q1q2q3q4q5,207,I,88,48,False,False,True,True
351,NuIWNFyvB7X5cACd9CBjaW-f3zo1IfMfLGCi3BPKzj0SImI,하리보 다 내꺼야,188,I,85,73,False,False,True,False
352,3Nzx4ORhxaWwqZsIw0-y9SdFdYIPQAJHvui1tBp394SjVa4,테디만나면롤접음,186,I,126,109,False,False,True,False
353,1GK8A7w3bFefmQq3Z_mEqlqU6cnMvU2MN4h7IVu29KbpbIw,현챵티비,187,I,192,171,False,False,False,False
354,tdXlwTsYwGID0qZrpJwAVdEon-NdaMKivRV3HWjv2u1wIMU,The Marchen,335,I,77,78,False,False,False,False
355,1AYtRp-rLdyBuM2ox5xY4pNEyTxTrxZU_T1eKgiNsaasJlI,happy guer bai,282,I,256,242,False,False,False,False
356,KfeWHX8Tq2eGkSNmYETevJFHmKZ_y6_IlQt3cnKW_szOrvQ,The shy,374,I,75,59,False,False,True,True
357,o-N4P1CEhhgkdTaeTY0PN8FMGuRDrmcWfZWtzapAyVvoyvs,LEG Able,307,I,247,230,False,False,True,False
358,xGeaQbeJBW2z_qyf9u5T-8r20l6SuFpFf_fmg3mX96cUyTI,함 알,428,I,309,283,False,False,False,True
359,Y-ADSkBKtGPycnYs-Gc7oxvrGV7ZGhAgZT3pBvXkAyjK_Dw,meiyouQ,594,I,232,196,True,False,False,True
360,K_DU2PONuc2TeqA89g7BdQhWwglZYyyknlmy7sn0Mh20tQ,볼빵빵 다람쥐,211,I,222,207,True,False,False,False
361,WLX7PB-BoBYB99HlI2NLTjiL5hoytzCD8VeTGbHs7R4BoJg,이도류,480,I,201,182,True,False,False,True
362,luB_QhWS6524aDzjqsE6E3aeAT1MIRzgd4EviLu4bLGQhlA,최강즐겜러 애디,225,I,356,348,False,False,True,False
363,AUHyLxlts-VbZtcg0Gwdont6XppO_-qPNal3hXHdDhwkRfw,626626626,281,I,103,88,True,False,False,False
364,z268DG7pJ3vG-RK-BrpkowtNA-s0SIr8zU5v9gFT2WXudEE,어리석다 bulago,147,I,291,277,False,False,False,False
365,AkWnIGBpjI3c6Q68ZgtuCt5ZO0b-acCh-vrq5FjTlEIeBGM,acting dumb,367,I,81,67,True,False,False,False
366,_cpG4hIcB000OZivD5aQbvW1tIAPTqXOagL71q1StynCnlY,나 는 쓸데없다,436,I,207,175,True,False,False,False
367,pVYemczNifzxyM-sj6U0QilcDg1AwDKo1xIemnqpLexWV9E,김데데드리프트,285,I,108,102,True,False,False,True
368,re4oi5OGblWac9-o6IpZdrON-iM8e08c4Vs7hrhOE89zhGA,용호냐,185,I,102,44,False,False,True,False
369,WHqiqJYF7wn6hFbcuq2JZKZKfJx6nFCPTkbxN3EY2zkh81w,케이온,173,I,159,164,False,False,True,False
370,_OXYnpH5mBTKb3GimGMJvdLUKveMJ3FlauVsT7jlHGn4DxA,zoe fan,270,I,106,86,False,False,False,False
371,Ax4w8G3NHu4uPClYvztZUrItrMdgd_YFdTxxucBhWZ5QK7k,ESA Belief,285,I,167,131,False,False,False,False
372,XIRHUE8enM3l5FUSwU8nGDjtiJ7ihX3o27ns66Ds4WOlZKY,엘 림,418,I,172,159,False,False,True,False
373,e3OwK--PDcChYLYyXt2nvci8ed0ZewJYec3dnBMulS2X8Q,saebyeok,328,I,82,67,False,False,False,True
374,-_de-CxVHzeossDzboQ9aetSdTZ5jliF0n4XwUhNElpXBiI,남동현,489,I,138,112,True,False,False,False
375,RqBRfydpsp47uCmZAgKxZXi9WvGiExcqwO16UG6maEjCGw,CCrazy,405,I,171,154,False,False,False,False
376,bKBsbMzSvz5zCql_b0joYSTq4coZoWrBJ3pPUp2LqP8stQY,Lovely YeSeul,303,I,151,82,False,False,False,True
377,gT19aBvj4Z9Ge-c0ZYekmiEpkRG_Qb4DoIzIvXGLxxm5EtU,Autumn Mid,252,I,288,293,False,False,False,False
378,EC8J1xPKsN6hnFEYJlOJqPKXy0tJkQ1s1yYpWzUThPWZ6Ak,123213321,174,I,161,143,False,False,True,False
379,SP3LWiURB9fccBqbrOQSndz-JTfIYQOD6eWYFjf-FqaQGKA,NaruseSh1roha,432,I,179,156,False,False,True,False
380,MC7PfpbDnwdO6Kj6G_WvmrwtMF0So2gG8AL47Ghj3x60ZCs,weset,502,I,138,114,False,False,False,False
381,eLam8l4NbkgQJkJFXQwzHkmzusYSlBm0JCrKQbeKAlATB10,널저패겠다,365,I,84,69,False,False,False,False
382,_ZRl6DcdaQQ-fJKS8PUvD2j8kEUCJh83vrsxNB1-EjIsxw,죽기장인,361,I,78,57,False,False,False,False
383,xJf1t7n7MQFHO_tybHW9cuMfg8_-tTN_Ne1kRq2mT6fsDhs,나는 졸린다,278,I,124,106,False,False,True,False
384,7my6IOCZKj7TTUTWEY5I1Ig_EUBeScI0Onyxp-h5F9rHvN4,김치 원딜,169,I,138,97,False,False,True,True
385,cnj9IS4JSbb_r3DWFDLcOGvzVU2J_Sqgm5n4kS37njTTkQ,세라피컬,241,I,110,97,False,False,False,False
386,1NgVb4QuZj0qOuMxdG-HkeryerMeCFhGdy_7f-zLKO4m89w,왕왕몬,176,I,172,156,False,False,False,False
387,UzrZ-JxKtb5Egj1hvks5TyAGiZ8r0hSZA0VsVp8dl2g8a50,Party Girl,155,I,474,453,False,False,True,False
388,FHRuclqZJLRfhRagYbeWna1dhWZNZOlTJzw3Ffd84fkBC5U,Simple CSGO,400,I,211,195,False,False,True,False
389,-jplNfnqG3fvGpyFvTtjXBOgNtGQWYOceA8dKfuXSj0awko,미래백인걸,219,I,109,90,False,False,True,False
390,XvtroCmGDAHbWCng1-llr9hg_Y6SeFczbtJ1vMy1OwipW8E,지은이 남자친구,218,I,68,40,False,False,False,False
391,rx01_Mzn67A9FgoS6N9fhWtd57wPzXUDHAccka6ga4MawVc,DGA Dalia,428,I,210,182,False,False,True,False
392,JVZrxg41TR3fh1JHAOFDYJUENqevTHEFx39nGEkfuXH9t0M,Shadow2003,412,I,130,140,False,False,False,False
393,FHHrHpvkkHe-teT2LsdUxWMJFxR9KsZ7B6cWwDtXa7p5Dg,ShrimpVicious,260,I,258,235,False,False,True,False
394,pXh72dveVkWqT87r0peXSeGBpDCqyuwiAFh6fqJmQ3XjmQ,디에나,362,I,182,178,False,False,False,False
395,mqQXFND4RfEVT3XexK-cPFhkusxIGb07xM1qXPAgvYatH20,Gen G RueL,392,I,340,323,False,False,True,False
396,biCoUfk_ro9s7SAfT38t8PoenEcP3mLvF2tFKzgH4kgd16I,암살몬,241,I,106,54,False,False,False,False
397,2lLivT_LY6D2fmsqgMVubKoLe62vP_qf104PcbhuADONavg,잘모르겠어욘,423,I,135,100,False,False,False,False
398,fYoeMfmhXvnj85ado8-iy68Sp_aaddnUkFBzwq4IiI-PSYk,jiaoliubingqing,466,I,180,156,False,False,True,False
399,xlJET0cuwealeoTavtUGD0oe8GyKySWOs7PNeNH4F822P0I,내가사랑혜 선,179,I,95,35,False,False,False,False
400,Ft0-U6dZt3auEUxxs_qXDeXQ8YExu8OXdo57xI3dVEVZew,일 편,167,I,161,149,False,False,False,False
401,1JW4aM31ap2A0fukuf-xwFxsY-hSueZDWU4bZTbglfGUIKU,DRX Pleata,252,I,169,191,False,False,False,False
402,q5S5iP8sHb_yEn9TiF_qBM6_hUKSNyn53f_oebwjiZBvE2o, 황 시한,322,I,185,158,True,False,False,False
403,37Jsl_Td5H8D9JKZe0V5p79tkoU5Y00DREM3Ag3tUdnD_yQ,Want 2 be happy,175,I,127,102,False,False,True,False
404,wgaOuSgZ9WJq5J1HEXy7MMQQcQLOukh3YFdGHRVjoYoEJDM,babyweiwei,166,I,108,87,False,False,False,False
405,mq88ZAiUzDVnKBHzDPZ8cO4mf8JNqsRDnSW162m7Imj80yQ,GEN G Kaine,280,I,325,313,False,False,False,False
406,F7n0QcU_CTyaREiItRLyHdHbtn6HWESt03EGrFQH8rr1p1g,난세의영웅장세민,207,I,464,454,False,False,True,True
407,xv6xzGe2Kibx37H7Q0NWoFghRDWaD88tII4l25_mFXWLa9E,간짜장보단짜장,181,I,208,202,True,False,False,False
408,NJguhNBHsFuW3pxEXVmxEYEzJZ1gdJf4Jc-qQ8WaVs0MEA,새하얀 thigh,176,I,178,154,False,False,True,False
409,rHvkZmbifuVbQXDgKARnGldRhNSCO9Eoz6fPuyxvVPKl1lM,OZ Juhan,485,I,242,225,False,False,True,False
410,z4m_qNDgDaGozO2X-SYTo0sAG9RxiR737wdk16grqwWWpg,Serendipity on,179,I,469,443,False,False,True,False
411,IQ9DoBUalFafzJYps1zfVTl7xsam658nAXnpbo1n_J3JlYU,T1 Teddy,366,I,63,52,False,False,False,False
412,XKemIlIQqIkBtF8lzobbGZh2R1WfXcs-iOGHKgJQVAXQM7Q,놓친 시간,484,I,159,139,False,False,True,False
413,BAQ89sun8-RwlxNb1Uwpl7D2yilJeKZ0UcRFPGqJwVDqLck,wohennangu0,324,I,80,65,False,False,False,False
414,AlE2QiEugXxC64o5XaLwex5xHk05TB13yEGRCXItxAo7wzc,Urgot Thebausffs,181,I,128,90,False,False,False,False
415,YlfWhWYN91Ok_w4JgIjSlvDBDLc6cATGIJHKzvT3AeLqLdM,우울해서만든아디,458,I,199,181,False,False,True,False
416,zt_ijDOftjtrhffvrjSvJoJtHfMmBkag-DEPv3oyYj7tNzI,FaZe broky,529,I,259,241,True,False,False,False
417,ZV8BQ3TJ3lefwW3l98jk0RqJ40CZL6XuXRHbFniHz4Df2eU,Co24,316,I,133,107,False,False,True,False
418,zwEpDEd5rm8L4zsHFzwTqcLsMhHQeQ7ymIEC7nw7-WP4ENc,AIw4ys,221,I,207,207,False,False,True,False
419,PXOakEGnKcvs7k-2ojgwLGpa3hR40LydGJ-o8TJ9irY6lcA,아른아른이미,230,I,158,127,False,False,False,False
420,OoECCMkcRhoVWbZ_FIR1Ui16trI66IhrLOxQrJQXvpa1lg,영원한 설리,214,I,75,64,False,False,False,False
421,ZEddIF8tKfmJ5FtaIGC-_Ii9WOFkJzTGM-kI1jx_2goMr24,qwebsd,476,I,97,70,False,False,True,False
422,XypcXXd3nxPghKKA5_yqFZS0BEy1rmFahWK7OVqsDD2nuA,지르몬,166,I,60,39,False,False,True,False
423,hP5tu0rt1a2Vs8a2ozJkof2-b_uZeurFuJitomu0umlIgF8,Tsllep,453,I,95,74,False,False,False,False
424,K3eSGZWyG6_V3RSrg3k7X2sR5g4niKavrx6MLkAlpcYpWg,바 드 본 좌,279,I,155,145,True,False,False,False
425,IlhbrDIrNedl2J1FZpqAT6Oh-0I5kLWiNSdkh4EDuEZdwZo,1651645416,7,I,171,103,False,False,True,False
426,sJhP3TR9g0hJ8XPW8A_UlYnbkqLwML2h1NAyfuxEtY2fgQ,겨울지나봄이오듯,159,I,177,161,False,False,True,False
427,9mH5KgCST_HT8_b5rY6uEzU0I-kSVa4nO8rENiRX5hYJ9Sw,SCARLET 1,180,I,128,102,False,False,False,False
428,IDBQB8HDW7hETE3Md8S-sET7ZF6uKXWNUw9x2IIC4OVbEok,유아누나너무좋아,266,I,119,103,False,False,False,False
429,nfR0anS0gAqbBbHD95K1C1MZ7jdvUQf6YzKah6Mieisws_g,Gipsy였던것,172,I,523,514,False,False,True,False
430,Qn8no3BhDHNAX-3fJvg5cAH-teasxofMLlxMzeF8xpsDZHU,washed up jg,253,I,115,99,True,False,False,False
431,2evFeo6qz2MymruWpcU894kjFFPvX03oyBHF06ndUQxHc0g,이승주,277,I,235,196,False,False,False,False
432,868vlUgbHrBpGZLq849brtfonZAU3lQ5Wvm5ZON7M_2fVA,Creative Self,294,I,204,187,False,False,False,False
433,IQezJx7aaGO7yovzd--LFW7a5nTV28r_kOQl14_1c5hf1-o,BRION Hollow,294,I,194,185,True,False,False,False
434,SkXe_5fhfh0l2LoGlvJoZFSIiz07MtQzaNzdGMfoC3_Lybs,RW Teemo,353,I,198,176,False,False,True,False
435,CrL-8ZJvviS3vboLy6d-7j4GI9Tro7iY-FTIre5MTfgq7so,cherish0120,309,I,84,59,False,False,False,False
436,lfDD4xws0gePpILBdTnmcHCLkMAP1Ulm5PtEBFJfctImR48,패배하지않는사람,292,I,135,151,False,False,False,False
437,mmYYcaUheyaMoPUTXpzAXzK0Ns9Vm7bM8hJyOqDYIzxPWew,끄으러쉬,255,I,118,138,False,False,False,False
438,VxAX81kRrpCnTRLDYT0V1fVvjbp1YrqPQJPnQ9A8NSrpHHE,튼튼한장갑2,170,I,319,313,True,False,False,False
439,pPsuuODwc5Fn9HemVI1hfD81dpIPBZvk7i78TnessCFEOrw,df2,437,I,519,485,True,False,False,False
440,STp-GfLYw0WYX45baVCN1-9z1u_tr62p0kKlkLrhqOj4u24,젠지설거지지망생,367,I,101,74,False,False,False,False
441,Aq1L7MmQspVoSQk4ahPlsPfByMDQsceOuo37txbD0FuYh6g,진지하게 대하다,329,I,302,289,False,False,True,False
442,pmRc2LwDZxBacQFLU3Z3OjFIejlrWLE_jmkvLYDWOBdoRX4,Grasp time,396,I,134,114,False,False,False,True
443,KKOSbF_Ua54gIWYNnZZFN7yJ5ckwDJEY6-NSjhMNpkfceKc,머 익,177,I,271,229,False,False,True,False
444,ZbJuytRYbvqQNKAhipd6Eyn3JZekPa6ersiy-6LXg9XCLNQ,순대국밥형미드,231,I,146,132,False,False,False,False
445,_8_3cdfg7jqTs5ZDY0PX-71fYWPgSYNjtSFUY1s-2gSAMt8,lol123321,236,I,204,195,False,False,False,False
446,gROC3d5DrI5c7bWlpfDr9r-iS_-5eE4Fe7ijfTvJCeVjUA8,IllIllIlllIlllll,394,I,122,82,True,False,False,True
447,hEeNqNmIhXjm5IzUjepyI6Q8MbqMwsN5lILt0zVjuIfcJdo,여죽남포,206,I,108,92,False,False,True,False
448,0BDTvjLIbAThP09j1M5vwnce7TEHCnWqD1b9GjxZkLVihGg,다줘패는중,416,I,91,105,False,False,True,False
449,4_PLXkmoZs3cfIa99S7CRECPvKy1VIYoew5Z-GteNdVH60g,DFM GAENG,184,I,94,87,False,False,True,False
450,pXelOIqXzQ8qa-P2CA4nYaFtCm_rFt6RoYCu_StxdGqzcw,킬러톱,248,I,259,235,False,False,False,False
451,s_Kqt-M9JFz4FWQR67POYMBbFVQQZH0lF9u_NSq5O7slrA,술 사,404,I,111,91,False,False,False,False
452,apAfDmqec0qm0NLolFwFLVlxmXrjgSl_aENSKcpyXyBxEdg,문어속타코야키,177,I,207,176,True,False,False,False
453,nJRn5O8dA3fyI-DAfXsy2ewi5JqFvp8b0zQnFEElIRheqrE,내가 모 하는건지,346,I,216,223,True,False,False,False
454,L4MaVyTfxVGJurE5v6rw6HwFOY77566Vj_L_LeBmuBEpog,maengsdog,159,I,186,173,False,False,False,False
455,S6lSe5m4GXaygA1JksdoyVUY0XWag0zIgsOVt6SOfv74VkI,DmasnS,159,I,78,64,False,False,False,False
456,cVZxKxNW9g2BSChgw7YZ86Qms_mtbZ1xxujhKIjoBXm5pcQ,Avalokiteshvara,213,I,161,161,False,False,False,False
457,4NLJNi1GuvOI3tnz4RsG2LFA4PHWXPF29G3OqR6QzRxLRQg,네버rland,170,I,113,89,False,False,True,False
458,cW_96cBVmfMIDoonkc5CsAY5EiBr3ZYodv1ldV_RBY-0KuI,목욕하는 개,219,I,383,361,False,False,True,False
459,Xx2U7QlF2UX4Suo5bwGRz8tW0E0edkMnZAFqgDleIfsk9jA,Lv 1 너구리,366,I,77,48,False,False,True,False
460,uqgGefSePwf_bDmbzVZ4mepID2ty8mSn7zdcfjy71k-8xQ,Red Li W,230,I,322,318,False,False,True,False
461,Ck20JMlMJju6QIyOpLOT0npZNunHKXKgA6Jboy6byiAW45Q,이 바다를 넘어서,351,I,251,182,False,False,False,True
462,a5V34TKyra4M_utDrPI2JMHXf0j8SQJP5E8-dMMQfXeiKZo,고대의 문 ,157,I,209,191,False,False,True,False
463,JewQ9TyOUKnbpDzV9d1E5z3iKCu_K5X9kEMQp7WWp-OhEw,K tune,239,I,196,169,False,False,False,True
464,4uwdV4PHM7vuQ3m3x200o_3fmWdi_896T-2JrWO3KyK6PPI,PolyPuff,176,I,164,143,False,False,True,True
465,CMg8ZIzucPdQkVjbMVaz9yVpBEdpmPAjTvCHZrE1JDtZgcQ,ELaB Prep,245,I,175,163,False,False,False,False
466,CPJK1uj5PdnhZSDLTd1AIaCj6VHYBVo8mu8iLuwxag2CcHE,쑴왔쩡,228,I,62,36,False,False,False,False
467,zNs5ZrHZFtqN0v60-HAiHRNhcj_FzUuqRmH2FrSvYus9Ce8,SANDBOX Muru,169,I,272,196,False,False,True,False
468,18HUyzniaWyoc8bgorKVpskkvQxqGF6IZYf0yBfMbYYmr2g,흰 개 흰 개,367,I,207,181,True,False,False,False
469,AlbfVqeqiXRjzHDuXTJLREpZmxgrLkeP18lFMRWMr5RI1q4,AviD Glory,331,I,210,135,False,False,False,False
470,Hl-whZ48Y-seX0XZNjXg-Y5PmxuW2SPsiI942L2NcdSkpMc,김치는찢어야제맛,217,I,119,82,False,False,True,False
471,As6WkAUuaflVNOLBD4figAMaTiHSMJ7UzE-bakWIbvD6IA,zer그링,334,I,223,194,False,False,False,True
472,Nt4uTQ1CaWkz3qSejqV4ToVGJqvU2XxCbx3BVzHG7VeHWPU,3xing5shen,364,I,171,149,True,False,False,False
473,hHpktHLaKF2owSZ-wOTkzXVUXCf3U8jcCVz1c2yXW9RZUQY,뿌 영 환,194,I,237,230,False,False,True,False
474,OvnOwnSd30FOBDWEBohHm2pAyaiqnsJkV0lplcV_OELC2Yg,권태로움,267,I,143,105,False,False,True,False
475,suPsa9f2C0apJgNfeNKH2eNkFkvaWFlrU7WQW1b5Sz00Gg,요플래,282,I,221,204,False,False,False,False
476,Cx8a07zvo8UxkVzXROw8UuFFeZb95u_y1D7WSQPOTMZ_CdQ,유튜브 깻잎한장,352,I,83,69,False,False,False,False
477,FogaSGmOtk0NJusP3Hjj9ZUU-s0O1s43QJH421gpFnt5Skg,shiliruci,432,I,268,246,True,False,False,False
478,7S3PRYv6zL3REW9l3n-ChSl7kkFHqRAbgpYCxXBkoAaGCpk,수입뿌드,308,I,133,131,False,False,False,False
479,bvCzD6DHF2zMQUutGManQ3rhTNZhfzbCgF_BIgPyamAaAw,공찬박,380,I,55,29,False,False,False,True
480,hgKPeMA5LySgYOLfkj3VpJhjQzY2EHUsxxcQtp2ByAz7YqE,t1 test,296,I,97,79,False,False,False,False
481,bS6zYgJ_9D8ZwrAeAfbdc2ledshDd0rQs3fjHN2PiEpZvcQ,Tender affection,358,I,95,76,False,False,True,False
482,jEMrAjipGE-uDFk-Y0li5m31of5BHQZ9UlbPEU50qytf2-s,Lone WoIf,190,I,144,137,False,False,False,False
483,9ZIq78jxJ_lM9pTf5sRMf4USRswwjwsfdo5m1Tmk99eaFjo,룬메아리 신,373,I,236,222,False,False,False,False
484,IChdnQIpN7p9H5MqI5_WHp56SO0V-W5-LCrW89EuVx-Q-Is,남혜성,204,I,240,204,False,False,False,False
485,8v1qfFW0_5dUbyM4zAMtdPOk9tEjDghbmn6aEL1KjBoW1Gs,Remika,521,I,210,183,False,False,False,False
486,3QsknWuPXee9ZImU3jJDsZ_JXvG2yRXI5pevo3zWj1brjic,WithTheBell,170,I,112,74,False,False,True,False
487,8tzMhko1WHBeMD_ItGr-D_a4Wb_-aN_DiK4tZswJIPNLhSU,1v5 LOOK ME,456,I,152,116,False,False,True,False
488,HjPkkGu1pcNiiVYC5HXd57LDcK6tylC2_fQJl4EeVrRolqQ,HealthandAhn,306,I,51,23,False,False,True,False
489,sjbWNHfD714pbuiHA5G_aR-GkejY3qkkv99CO0R49EqUI8M,hewon,226,I,276,247,True,False,False,True
490,Xq2TnyGJ7kA-8NRC7nIjkEK5AlyP7m4QCK6YvzZs-Am-4w,급발진마려운사람,172,I,241,117,False,False,True,True
491,MVkD5H9t2FO7ODHJhVkT59_WJIi4dCI30s3pEEhwP9j-jSY,jug242,338,I,71,59,False,False,False,False
492,tI0vPEp7UfKfxROyJnPMmZum1jPY0dsAdxtudB-FN2-R3kU,뭉분기,469,I,102,71,False,False,False,True
493,6TkHSnpDHQFK9ny0gX-P-pUZNJYTLqnl9_oD8qhloBQGObg,LeeYaGong,512,I,110,85,False,False,True,False
494,9hJUNHx-HSyKPjzdYRi99E33iM52uwRF9C5Wr6l_nCohy-0,kqwsia,515,I,179,141,True,False,False,False
495,vetrbewud84EiIRvbNLTQMgMl-bC8XXf2gLrMi1YabGAyX4,앙 김뭉치,183,I,208,187,False,False,True,False
496,k7eEXWt8E95YN2g-XSyTDR8x4oO_P-1b4zytTdi3jTP9CdM,ANG TV,375,I,403,381,False,False,True,False
497,qOA-MJt9jSrcHrrI1zCKnCZBvv8C9sSwb2EiPDUQgPhqgKQ,5Kid,217,I,82,71,False,False,True,False
498,EQ704wzF0BLoc6oa4-5e5JaIBWlzaK7nrN7t0RAoZOwKNkg,OZ MaHa,266,I,87,45,False,False,False,False
499,d7y-VbYQsp3OfYg_lEa8XosADMhKi6hgVtop5MI2mMCTMsQ,폐관수련자1,266,I,123,89,False,False,True,False
500,9QCTsCPhyCoFzReQkUzieJIKZST5bCUWZwtbtowjHL_-FZo,Salad Chan 길 길,202,I,70,49,False,False,True,True
501,SWGaJklZUOC4d8Txgw6lTlrKAAmAXdNxfJFAnrC7EejvT2Y,xiaojianjian,370,I,71,62,False,False,False,False
502,OJFZK32lkHN3IdZb00BdExg0Rq1BmCya7LDLqDId8LYypGs,Morgan5358,225,I,46,39,False,False,False,False
503,oyuSJIRQjiXLZlTCbCJc1X7j1rAbBkUmsb0TDaEAvLjv8Fw,이쁜계집,148,I,130,110,False,False,False,False
504,JZmog-4TrRgHYq0gVNOuFTaLk64TcUDj3wC4JDnflHO3qDw,zhendiao,261,I,99,77,False,False,False,False
505,0G4LcV0zEdwz1E9j_fD_qDyyeunKCR1Mf7bPihPioakh-dE,해강고 원딜,526,I,168,182,True,False,False,False
506,K9lOLaRkwTi5S4w5NaUE9VCS2eVn1jbEbYZrAe9uyp7z1Qk,playkalista mdie,232,I,229,211,False,False,True,False
507,-EiBHgk_UgVFpqy8JItgzP5JO_dAXlvQk4zWJ8oHNZ-KHQs,JiayouJiayou1,201,I,65,59,False,False,False,False
508,vP_CKqrSnDAmY5OtC7Vjcp6Id_X2b6QxwwHrcvMfoC5oxlA,tainanleya,344,I,214,190,False,False,True,False
509,xik1UJr7AD8n_L14nQZtMK74b4Th2cX5Qdae7GE9QVL6syg,레 탈,223,I,177,143,False,False,True,False
510,99bHocMo0URHP6p-gZ02brzPbBkezxiK3GPOXbJLEcnshGU,I only top,236,I,174,151,True,False,False,False
511,PAltb2KCnWSRPVtAAja_2FZsF5gyH3DKq4Ex51g6X_pjTgM,과거의 꿈,400,I,229,216,False,False,False,True
512,54KhRP-ae3ZFqjdH8rpChheZWxX28MCRyt_yhVAahsSh9eo,패치가가장강하다,422,I,322,309,True,False,False,False
513,OQkEaBNStaSuTmfPp4w1ezcxESYZTL1g4AJOgY4SZH4A9rg,hy2rwt,375,I,220,194,False,False,False,False
514,ilAn2nJ9kcjdkvVSuS3yJUeDucK5txVWlKXzPfAuYR_C1Wk,Nagi1,200,I,58,43,False,False,False,False
515,DOJwhG3ZxY0-v4kb-iAJGmtz0pxe4OZbskaifBkKut8AGBs,happy   game ,518,I,371,329,False,False,True,True
516,Wg22HtAUGwsRpjjGVvXiDbAvZKQbAE6dnuHPfQxlWtpzDt0,쩜 훈,131,I,149,133,False,False,False,False
517,bjWTEwvD-4KBy5-L0WtkwXQLTU_HsDd1et02EGQ04M3W_fQ,하 퀸,270,I,373,358,True,False,False,False
518,BX_gtGV-Qp6ogkDVIcgXDeK9W7fAMUTtRBR6qD0HUvTD7m0,사신몬,207,I,94,46,False,False,False,False
519,zK3h13HArvRqCKzPRB-B4_KAedJYLDusdytTLeXYijPT4io,MeokMul,172,I,153,136,False,False,True,True
520,qdliTqeB_DBcdHNqqFOpN-eze1BGKXXQvI6u0gnGnpfEC70,Komica2,231,I,135,117,False,False,True,False
521,W8kQ6H6PalCO4gmCw3wzTfInWAtQfSnoFa_LofO-aZYOZZI,YM ych,417,I,249,176,False,False,False,False
522,2mfGTVrXHnrjgZi1Ny8MSGccCQZR7bFtmSlpoW_d7S8T20A,카트라이더11,321,I,83,83,False,False,False,False
523,GLgXNyRBOXVwahbKzhxYRJ1QweTnaNuVcgYjUFftep0dNoc,이 차가 식기전에,366,I,246,234,True,False,False,False
524,f7I18qIunFIclVmVFYif-8kG5AgjPxeODgUlE5JICnBZTQg,Shuka Karino,201,I,157,146,False,False,False,False
525,9_LPt0jyfi3en3FKlFB203d8th99B0YMCsqoBZIL5e8EDzE,윤새로이강표,283,I,231,219,True,False,False,False
526,Utk_W6LGrHVeAYsEPjLPCtd1NO8PDk_6STully32MEuQ77k,BDN0tail,209,I,201,176,False,False,True,False
527,tix7F4QRocpKp8s3Z0f9UaA3-IZfLtzkTtfM5Y_CFN5raw,김재룩,104,I,307,278,False,False,True,False
528,n7esaJZFgjRF12EjYvIM6iigRKClPY6g7wtY6dXKG4Mki0E,Dictator3,397,I,98,76,False,False,False,True
529,QFJbQ3SZBRhBfdIHwsAowP5H5bO-s00veW9xgguzAWXuLp8,7 5,282,I,158,197,False,False,True,False
530,IVHIfDnYUU3FNtKo8VDXZRKBbvWTs4ff4rUR5NZ_vP1Dn0c,정재호아닙니다,212,I,146,113,False,False,False,False
531,WqhaMAvER-L23mqWn4wC8jwJDAdOfFEUOPAGIuANl8zPgto,플루토오,236,I,63,49,False,False,True,True
532,fwgVNCccXXteSKm3wveIKC1ur7ChkersdmjwkQo-dREuado,langmanbusi,237,I,123,76,False,False,True,True
533,2gxqYyIa8m3fYG7Qg3rAeulVh4_NLRM-2C6pATeXB0J_c_0,JinLingEr,239,I,301,293,False,False,True,False
534,mX6MoRvJVFwWBqrrx-9OwRIDNKxWvxuRZdJdc13H_HQyDgM,이여자가미쳤나,102,I,242,162,False,False,True,False
535,r6Ph5eUYsJd3iMwrQG4HI8_YvcElPtuLv7RZwT4RnufzH54,need JG,421,I,172,144,False,False,False,False
536,r3C04z6R05ItmlDy8LIjV27Q4Kw1nDAaMtfjDqNYBCrXqZc,셰리뿌,204,I,84,55,False,False,False,False
537,1F8t-W1Ttu4sZVYIlkB3ZXesdgMOyG6UvEzEd_oFMeZ_b0w,romuR,238,I,252,248,False,False,False,False
538,clfDVFuxKr1TlWCgZUFZmjc6XBKKAiRjVoWf_F0vBomvxO0,Gen G Neat,297,I,276,256,True,False,False,False
539,xQe5NWp07rF5a5cbOUr_M0qL3WCvS4LZ1MNB2sU9RsA7qvg,daomeidan,386,I,129,114,False,False,True,False
540,1XI4zTpPBQgpjNB2RZW47ngc_syFMH2U6koB-4fIBA1aNA,lilillllllliii,445,I,198,161,False,False,False,False
541,NIOvYV8VC483qjGVC1IH0mtx4pdoNwm3E7lVaxumHhg5uMA,Youtube 썩계,264,I,249,228,False,False,False,False
542,bVPq1ZndWlUSbyfPWG72SkFu3y6tqO51-s_vQJP4O28FTgw,내가 뭘 하는건지,214,I,218,216,True,False,False,False
543,ykx7Z4AuDWCvT6Hd8iZ4IPI2mLZ_c4CiU18BbNInGiuHjQ,다훈갓,479,I,91,101,False,False,True,False
544,93LAWjPB1EJT0lJVvS6XL3ZTtveAAhvDAM78AyrVOp9Xdw,병기형이다z,309,I,297,276,False,False,False,False
545,F1F41D0RjNcUYF1VeTgpguY-ZJmWEK8SKCPXTFJWA_cxnMc,비마브,200,I,72,57,False,False,False,False
546,nrCbBoDONdpp_5JfiudDaoyPZR8J_aVINVsPgRa6OhtPYnE,서폿 is DOGU,239,I,52,31,False,False,False,False
547,vjta-0lMNnRn3iRkLYekfYRCBXN10nkbltv1uEhRQWn-y0g,dodge game,443,I,309,283,False,False,False,True
548,E61YEJ5F1J7uaLzqC3CJkecRMwjNYbSjIMhPbDWaPY3IV9s,노란 국화,497,I,62,23,False,False,False,False
549,TKVeG8yhazhPcuONPWJ8jEikgwmCquWIwds_yM10EE7-nR4,SANDBOX Dove,345,I,125,118,False,False,False,False
550,92jnUJ9zcfe9P5U-01MLebTqLFUEWa50hL0eyIpL88kt160,dnmm,221,I,182,162,False,False,False,False
551,jBRx1zvzYHOeMaccpQt9KA9rTFEHYDGXv3z1cb_mnk8xwIY,콜르키,216,I,115,99,False,False,False,False
552,IwYdYqaK5sg8CUrFJRNg0IMyLuVTVcSywliSLslXMS44f6o,kfo,425,I,314,280,True,False,False,False
553,ZyuUbuBHnsSGiBUeCF3nwtq05iAkTv3j1pZxglQvJzCKeTk,다뿌싸삔다,378,I,97,94,False,False,False,False
554,zMjPayByN4a6o41uNVKp0yNlK55eOZajuNs9zMUFJqxBuw,득이님,281,I,100,71,False,False,False,False
555,zyyqCcB3vwv2nA8GtUZf99TsSQwqdHAFi2GdyeTHcHkdQbg,골프장동영상,429,I,74,48,False,False,False,False
556,Gkw2YEBK4KrqDHNekwFDcoEqM6mS8TNlVKWhlOmMawGDppg,jienigui,250,I,205,122,False,False,True,False
557,2tvxkmcbD06e4A0i4Bf5yiyPX_JYTeVSYZIjmwk3UJ7PvLA,Shower Fall,172,I,318,329,False,False,True,False
558,tIOqfdwj_0NTlpmaLAd0TdkH9gLgI5874waVCPvBH4viB44,나는웃방천,419,I,156,112,True,False,False,False
559,TvKpp_xI9l4sZHkkhLQeAZ7xSaIOii2rsGTgNOvPgCd2zIo,텔미왓츄원,185,I,61,47,False,False,False,False
560,aVjfv-SASXNqovY_e19sX6b7Xa18mQ4MWRiwz52-F2aiwJI,라면은물붓고3분,368,I,76,65,False,False,False,False
561,4haGyf23BRy5aSzxaTlOqjccA4ibHX_VLkYsw_vEnzklEg,FA Yoon,446,I,112,94,False,False,True,False
562,EobozbDloWkjJR1MB3oyLMLXv_Qt3HLIZVJA8qcqSynjdBo,want home1,562,I,179,155,False,False,True,True
563,CxuFqHcSEQZoXr7cIWJloEQv-YyQafxyhXn2IsZEFbV_BCc,진심핑빼고노챗,163,I,256,234,True,False,False,False
564,IjvzP4g5fqcG3Ywit3P568NNpLKdKfQVq36PCM4qZZ7_nDk,wanbulele,254,I,191,173,False,False,False,False
565,PBvS6cb82PEZ9h7NsrqGh0FovXmpMQrMd27pqvRPIBaDxaA,권희원,279,I,149,130,False,False,False,True
566,PvHDafjwLkZT0BbW1umC4ixyNt6pux9c_G--4TAxvr3Sxa8,AlphaGo test 03,400,I,141,124,False,False,True,False
567,NGhhfwTb_HHBNHQ8_qNY_UEu3gRb9wJcX50hMkqxaGqkaQ,한화 큐베,223,I,225,219,True,False,False,False
568,4T3_nWL7GVdk73R9bKhw-sgOlGTPdTCoH_nUPqQpWCSlQeU,렘 꽈배기,462,I,144,113,True,False,False,True
569,RFWFqNtVLjj0XVzHEkX5ak22O6cUo7MUryj8iUPS1hJlxL4,페이커 생수도둑,243,I,180,169,True,False,False,False
570,ZEOANDoYU-DM8_sJgXeM8uk4RQA_e7C3V90bhhcCap1Kx3k,Princesscat,319,I,199,117,False,False,True,False
571,chJfmBHxTtYkXNgdyIjjq_CyCG1WMz06UZ3DEeYhvzMdPg,걸 재,164,I,305,308,False,False,True,False
572,6oxmJtdWGzEP2AONbJr6sC2sT2VzXOherL5tFKlGjNX0oSE,ai de po jiang,212,I,366,392,False,False,True,False
573,0Ic0dJGjjOGlgSpqHWDcDBt__YGOyEaoUqcNmCo3qpIiUw,doid,270,I,113,86,True,False,False,False
574,46TNJ9aLwV-uw-qtSIAVZmQEeczVdoxIwDo5hb9XnOL29z4,땅콩 한주먹,520,I,320,298,False,False,False,True
575,HbGlO1l5SizFFWouLiMWp0Sg72Uj1dN0vUT82D1V6i22_2U,으악윽엑,302,I,216,203,True,False,False,False
576,477CaZT0mU0hWMJFoyyXC1eopZ9q6MDCIkKBjHGOqVXiz2s,MapleStory275LV,393,I,190,174,False,False,True,False
577,BFlj3POseR8ZOVTzS5q6L0FK1GA-MnBU2q_cbM8HsPlrgdY,눈이 예쁘다 그치,170,I,136,115,False,False,False,False
578,IvlcpAvOgAZdsNMOqueTMQjnYBxo--H2SxjwSsVdukZKszM,일념 천국,474,I,127,97,False,False,True,True
579,diEq9qAUGxDkJvXJsf1ax8kfT1T2lKCukAriIQ8rQHIPP4Q,BRION Hena,491,I,381,372,False,False,True,False
580,aaVkgXSAaSZq7f2rTFatUd6L8G3-Q20INmsXKhY4MmncfZs,long day,316,I,65,48,False,False,False,False
581,gXkZXAcyfT2zYp3PDyrNK3hjkj-GXG4fN2-S1G1KRD715L0,이기는싸움안망침,255,I,98,72,False,False,True,True
582,t64my-o3vIM3pnqjeZTfwyRwCYNEOa8jrMMQpA7MveGpFw,tinychild,275,I,178,153,False,False,False,False
583,POrrEys8-AMMYfiv_FyZ1LLxdzNfkehSZjpbH9w3bz0H-Q,나 욕하면 지옥감,169,I,86,78,False,False,True,False
584,P7yCNXKLiAXjLas9wlTFL33MDmvKOhfY_m7x8Ivw5ey0r-g,Yemao,414,I,249,211,False,False,False,False
585,_OZ5lX9bssLDVuqgr3WBHaDdUV2y5OlRCy1OltPLFnkiOWg,뽀뽀벳띠,441,I,488,458,True,False,False,False
586,jw8WrYRthMViSM8KM8uAY0h3Dye5ZvOjoP7OYUWjA2-5RVE,죽여지용,158,I,118,85,False,False,True,False
587,ZZ1i2eMiWh_DzOzaJ8VpMh-YExcnoquNduVl9JHl8IDyudA,깨기 싫은 꿈,487,I,100,83,False,False,True,False
588,I6z4lbbXIoVXKFRjMq9vAtgE8MKkpD6-raCh3q8miqNjV8U,Kim Sang Hoon,281,I,118,120,False,False,False,False
589,_FngX9t0KiemYF_IPzOLzIh0gr7msBI47wJiWEpudfnt2-0,Viod,206,I,181,172,True,False,False,False
590,5e2lZ2is1vghpxaDRVvyuXhC79w6qJJeXrZikJYqQjj20SU,AF 으아아앙,179,I,297,286,False,False,True,False
591,OkEksttDYJq7NM4lT1mJ6BwkwWX93JWhFiygK1VeiYDhYE0,김머띵,395,I,121,99,False,False,True,True
592,NfETcRdnnOHUGukI78jQUWzh4uND9YgPYUsbp7lOrdmEBg,날뜩한 칼,411,I,87,73,True,False,False,False
593,dUkgOqN8xSwu0s3gEXMOz3RV6Oau7uCDB6juZzD8RJO4Cw,지거거,362,I,364,317,False,False,True,False
594,7fKiecvxt8EH3VaRjjSwV05W2UuZLNO-DQG4MD5VE54ZrKk,펄스 Pulse,284,I,120,99,False,False,True,False
595,mdvtYFxscbxl_TUtSH6EdwA-Nibb0dp4i9b8UP-HWzmrEsk,Hinu,162,I,223,211,False,False,True,False
596,pAPnGg9uEQFmO6fxm4zpdunmYEvc4PRl7r0nPjuO8pkkYOI,치 디,339,I,114,53,False,False,False,True
597,2LUM_hdfMXdu-JhOvY0ckeTeCkbm-ybNWe6diYFVyYbB6Yc,Heimish 곰이,261,I,69,45,False,False,False,False
598,cRhoWA_QmbyZpTnSOVazjKbPO4nnkJbB_gHfJcp-mFwC19A,정밍짱,430,I,97,101,False,False,True,False
599,ybJn6_wHd2zo_0N2KSoolYL5tAeYNJgkCZOV9mtd2_smK9E,      E       8,198,I,206,191,False,False,True,False
600,5SAzNb3XC3Vg8ocRLcnIMruaibv6xW5zBs9dJtsZya_jA7w,챌까지핑안봄,221,I,174,147,False,False,False,False
601,fr7umJAzxDMc4DaWtuaW6xhLpGfcYlvmX7P9K-5oNSVx18c,aswadsasd,161,I,264,204,False,False,True,True
602,GgcSaqOF9LGFiZh_tPJpek3y1oHl_COR5DdlwTWimORmCA,안양흔남,337,I,204,189,False,False,False,False
603,UdZK5G0sDRH2Vas8aNDA3bD3vxpA8sNSV_DWZlps81VA1wM,데스노트 워윅,176,I,92,80,False,False,True,True
604,72p6tXLMnyhnPW6Dn2UpTRUNASPidUSHK7sIjX_1Of4AwkU,L1sure,403,I,98,76,False,False,False,False
605,d39MEPD-vK1z7AcVMhfX3kVX01NFykJ70JIACyzYW7SYUQ,Wadid,184,I,147,129,False,False,False,False
606,rLdMeLuAmO1C9iaYa_SXmxGaL7nbtHPCAjh8RooNuD4DbIA,응아잇어푸르릅,159,I,107,82,False,False,True,True
607,E_Wn8d90Fg--BTGi4IMgAbDcE8wcrIAQMO0NRmLkSGC8fA,내큐를바드삼,173,I,70,50,False,False,True,False
608,AoW3gqSIvZdP6JUt0RMtX-LwBHNc8iD9hppVMBRmF9NFlfw,히키 승수,483,I,116,125,False,False,True,False
609,X7BrZPT5xWby8JOkjQWsR67NB5LE_Ql9tuwi7V3O-kzijyY,금똥왁왁,171,I,76,66,False,False,True,False
610,do-gc3AD3wcjo4V6KV821i7tJSR0ZA9BJAMPgkoRgLyDPBk,xin dong yao ni,202,I,136,125,False,False,True,True
611,a6P4FAsPFpaDUxmxt3JqeNbv2LLcDSTB221T1lo1aGo9kYs,Set it Off,127,I,172,156,False,False,True,False
612,pzKnfmNYTQ1yt0CiWDQQ90t9SmhcI-Me5PG2H5OboCDH0cQ,CQPO,164,I,386,376,True,False,False,False
613,s8fdVBr3LfBDJG-T_sg4gT2qzBBGOeVXxKs2bai8ZCZePeQ,웃음만나오는사람,325,I,446,450,True,False,False,False
614,JMrK9Kx_mSotDFe2Pa37dZR9DaAggHmIeY4pIsgGGuUMeLU,ca1m down,149,I,199,182,False,False,True,False
615,6VnJRu6cI3lBTH5m8yjS89J3q99gECaQyolgPFgZShMBmBw,예쁘다 이유진,274,I,38,16,False,False,False,False
616,Ffm5gXwvVtnU44KX9z4IP4OyVRz7pov9aBJJWJikQZFFrf4,베인장인요맨,308,I,78,55,False,False,False,False
617,FyzsKmRHWdK5HhQ3h0fUw_UApZRCpw56aYxVSle144gZXqQ,Youtube 쫌남TV,342,I,178,137,False,False,False,False
618,ZG1Ny16RMh88U1lFslsmXtWmVvieTQaey__N5MSmjagb4g,저 트,196,I,209,182,False,False,True,True
619,Un20s3-5Gr-5CeXfFParhwM-7YRZHWR2fVaMxPw_zPhvQNs,zhendemeiyisi,350,I,297,276,False,False,True,False
620,JOt8eND1z4rD39Hj1xA9iPCmKhbzXh6OAj444x69TKo6pK0,XXXTENATCION,164,I,251,246,False,False,True,False
621,AQboeUWJXjkcMzcO9UqomuKhuoj2jbvlPMG1kurFA-50Ud0,SANDBOX FATE,260,I,80,69,False,False,False,False
622,Cf04_S2AtVxlu4d8kzo-cEToHinNyxadUGM_Ltq0rmV0Puc,Blitzkrieg Bop,330,I,157,146,True,False,False,True
623,hpi4HP020dEwmYUh9fLrwN68aiMjrbhXORXJvu0l1IA-k4Q,ELaB BAekHO,293,I,224,204,False,False,True,False
624,xEHup5Nb6OxmNDens2bKpzRS5hL1TQQAL9dNN22nRJ1eLt0,챌까지 뽀삐함 ,173,I,66,51,False,False,True,False
625,UI9uT1ngBfEI68VY9PaOR6oXnkz2S9EqBuh9w3CYPScN0O0,Gen G Smile,516,I,284,268,True,False,False,True
626,qp_ffIwt6UXRNysHotoxvMAYHVo34Gn-ha5pX-NKOt9hNhQ,xxxxxxxxxii,313,I,162,148,False,False,False,False
627,bdxYlFJLHMa9HDXDuoPSNTLsxvqachN9Pq4wh2_7lBkivQ,1등찍을사나이,376,I,183,153,False,False,False,False
628,8UNeYtHQXWZc5-I0tN5_RxUqM9aMPdQk7F2iXAfCuWJdVQ,울부짖는질리언,220,I,101,84,False,False,False,True
629,BvvBKFCi4jy3DSArR5T2hiYbzp4n_JC27xFyPOWxoECj8g,커피물조절장인,239,I,210,192,False,False,False,False
630,QZ8WUMzHqHmAgTqV0KN2nylqXIbHfnqquEHB6MESDShyqQ,No longer love,159,I,211,190,False,False,True,False
631,n12ND-qiOKVcFhPZQSvIyQkJpNffTyEgLo-Djzg1VJoTAKQ,Paulll,211,I,145,126,False,False,False,False
632,IRBy98KhQ-fPIIK0y9KMTiXtE-x0JK2iYXWzEw4SNMp_nfw,unless it hurts,168,I,132,58,False,False,False,False
633,Qvo7fFpRUlD09nK525t_lXF9aYSkbK-NNawh-p2gWOLtQg,lllIIlllIIIIL,186,I,273,240,False,False,False,False
634,jHAQYfdVVaL99lG82UTX-XpviqzIrOIq91SbkeLCob4W3Rg,취향특이한도구,312,I,78,61,False,False,False,False
635,4AK6nTKhVZNPnjRe9bXNpCRg5ZIRmHyedBT2FQ7H0tI5k8E,whisper snow,519,I,234,211,False,False,True,False
636,KlqYy0ibZ1A1ZRUURy8AMDKtkQhfoiaVEqoEtheo3xicow,팍에리,366,I,246,218,False,False,True,False
637,2gXnvOBrOOTm782fNUeB8KZp_P4Sw6PZETmiBxNfDixScXs,바텀만파정글년아,446,I,135,97,False,False,False,True
638,pFHF-kg92y8TIW5Oe5-mt-30zVY_pKme_c1t07G2EIegYg,대못 사부,439,I,122,98,False,False,False,True
639,Ey_ZtKRyzRJ9Sw2V1LC7AP6GUhjfWSdopeiWubLslnP0sPo,헛소문쟁이,305,I,88,60,False,False,True,True
640,nWyRtyLc7JeTtzPk9zVr_qGqVvAeGRsCmqKPgJ43S08heRU,SANDBOX Serenity,169,I,173,174,False,False,True,True
641,t5SagGtCcV0VNYlAkzOVDX3h-cnCmx8XRlN4zAe0rLFzl1k,xunxunxun,569,I,81,38,False,False,False,True
642,5Zw_SJrE6Bp3xXhoirxQjibyMftBkwS8c4fjHzD8bc8JT6M, Dreams1,204,I,295,273,True,False,False,False
643,XBhXHsfP--XO6n-1orh5lRq3B8tajxRgWGWLgeu6Ef2xw8U,KR Spt,259,I,427,408,False,False,False,False
644,Axmi9SaLOYFwOS2xR2vfzkSo6A2FK1-UwLC4iml62FxQyYg,elole,191,I,174,93,False,False,True,False
645,GFgyCCJInCBcSMgTaR-NFKjokTGIKevpgg2X7tQ-Z-TLJw,SANDBOX KingKong,521,I,206,172,False,False,True,False
646,r4q5ie_aGpM3mcFH31BxhhUUvR0rT-jnrJz5mGnUaQLdUNc,쿵야 둔갑술,488,I,159,135,True,False,False,True
647,66-Ls18WKFpTdVNW9De-76Z7IwBKtwjpeNz0ATENHSFk540,Chu9,171,I,82,65,False,False,True,False
648,NjvRaWJM9PTy_qxfx-2vzFt4RSxC81cEWo1nB-adsUvKFd8,글가꼴픽좀하지마,209,I,142,120,False,False,True,False
649,pEYZKbe4zNVckyZmAqyvpfwYiTFsIq1sE0oMqhu5eQYoFsE,xzxbzx,171,I,48,26,False,False,True,False
650,jCJT-KMsSC88c9cIR-7-fQB3m61B1-sAkwuZgFwylm6luvc,Gen G BBakPyo,478,I,243,224,True,False,False,False
651,Byen8SwhxUQ77iDtF2JSin-lA5XaAvdbL1J3X1ErgLXCfM0,IIrrooGG,221,I,246,229,False,False,True,False
652,W5UYLiUc9nx0Px1jJDzErbFSrEUaPSAO3SH-Hq6W8_1kOhY,ad jing jing,133,I,384,324,False,False,True,False
653,LFmAD4Mk0Xdyrj7uIwBFdKXrVnl_qEd6rMut2TW12HaZYn0,krats aira,408,I,96,83,False,False,False,False
654,bJBAu64Q6ZDw6VJPraBogg5GUBcGla2inabFJlbpEe88u6Q,Go Away,272,I,286,258,False,False,True,True
655,ZraFa1kdivM9cYDmubRhA605eW7Vv2vMqTjZ5p6YcC4tyRM,ELaB HoPung,208,I,453,430,False,False,True,False
656,Z7fBumRKSsZMjgIDZwRKsja934Oe4H-kaLX9ZUZjY4-UyA,세이미ToT,245,I,63,41,False,False,False,False
657,_a0Ze-NgENpr_BkuNIvFv_YONjhenKOrICBLGqzusxRrLg,국 산,254,I,109,72,False,False,False,False
658,lyu3-EplviOhnWJt5-HdtaVKOuAFxyA188OJvitd_8uc654,RiddikuIus,270,I,158,147,False,False,False,True
659,jT68C1eNOqm5Q4KCG038lkCxNzT5FTtykuqFbSIbNn0UW0Y,모찌피치모찌피치,514,I,183,157,False,False,True,False
660,bkuzGkl6YnYiWcCfCyrcvCssMMaLxeJgK1J7zVdBzQqf9w,몽키  D 짱구,274,I,271,258,False,False,True,False
661,uVAAiNKEWiJfOJ_dmiE-xeSAdxAsQdNOpf6JjnE1AUZz_8k,cherish1124,436,I,85,57,False,False,False,False
662,bUOJh6Ln1TxJNLBA17HXX6YH4BAQx9YXc9etpf3gJwcl2A,병찬이구른댜,180,I,365,347,False,False,True,False
663,LORgq3ktodLY3oB6eQLwhWiiDnA8OMu1jlhYPRsFYwSAfyc,엽북이,488,I,99,78,False,False,False,False
664,oPzXhiezRdtkIYAAhe5NnltGwbSYrG9HeGY0V_ns4wkvnBk,ping equal to gg,244,I,165,152,True,False,False,False
665,0UZhzg9H1JNTikvH0KYwTQqoo2ordOmL6Bgu3mMBX-gmUXw,KkOma19,436,I,107,92,False,False,False,False
666,TBILi9a5RjuGYW7AkI1VV5O8nltjjA3iP-3h31KoXcWUoMQ,뿡 형,161,I,239,226,False,False,True,False
667,5sMneH1FGIGFnXKJamviXx0rZYoxR4x-Ry6SrfU_LATP0OY,서건냥,312,I,169,140,False,False,False,False
668,vxXAnZeL72mRFtbWV3tfZL7ZKO5vlx4KVRi3dNbgyvhcJbc,S2 Doinb,453,I,251,224,False,False,False,False
669,xR7iVzGsdoArqay9ol3XHJ-KdYGjk1XxJDtMsUcRN4hW38U,Qishilu11,390,I,87,59,False,False,False,False
670,dKpfMK6MsMk9W1O3_ychYJOZpxHuq3J_Ge9SIAN2zcJ0U4k,ad20,274,I,97,73,False,False,True,False
671,6Vul-YPFsLKsYOJutErVY7Lec2PiRvQzkeRGzPFpbcre9i8,T1 EIim,251,I,187,145,False,False,True,False
672,zGfRxHvRjsGOoUoGJS9Z8yQJ0YWsOqTorB1t6d_UZe4Mfg,APK Flawless,512,I,163,138,False,False,True,True
673,UppMdk9QAZI5mqXZeKajCJB5foPpKUgOpuhy_nLnyOxfvQ,Sup1997,161,I,110,94,False,False,False,False
674,SksJ1EdT2tW-yNha-0uN4qDj1f9t4s1R3xFmMtyAWEkaIcY,impupupu,173,I,200,182,False,False,True,False
675,5IYTgInq4iHtEImuxVeb6wF6X-aMLnd7ErxMXCFhPnzgFg,취준생재성,255,I,275,264,True,False,False,False
676,wwPYrFjYEcwyoa9bM4yFuuYsd1f1HuPXuJ8JdMXXqp1Hnt8,Gen G Meaning,400,I,345,327,True,False,False,False
677,d2-gpq2okukJzTN6mK0gZNa_dHOt7dPj7Xpnp4ULeCC0S5o,다한증 싫어요,397,I,132,117,False,False,False,False
678,iSYUuRi6NABGs2GRO5OuoX0QBj70w0dKEOyIEj5OsclIfw,미친놈처럼게임함,446,I,204,139,True,False,False,True
679,-qlrNoKx105OfEsz7KPIV93rS1PBLUTea69-x2FpTYgUDvo,Raging,476,I,200,168,False,False,True,False
680,K74mvqFpzjMLwpumoExL4chJqiRwYTzrv_qQcy2iNp0350s,미니언만머글게,248,I,201,188,False,False,False,False
681,tDFqIH15ed_jzNMST210dF6xdCze8bePhrLphx527Aqeuic,0gank jg,315,I,209,181,True,False,False,False
682,i4P01kbqi1ygshQM48XMsFu1hlOmBbG86KkkPnwJRvFjw1I,T1 Chimin,365,I,103,74,False,False,True,False
683,HwKcDBDHLcuq3vOKjFM_0pBpoJzcF-6RswAnmCNiTGPTwBs,탑라인티모감,235,I,84,65,False,False,False,False
684,DOLo9Ke1ZY8eWQo_sqDJz2Jz_ydDcsX-HJShsbh4j8O8bMs,얼굴지치다,372,I,106,77,True,False,False,False
685,ZU2ARBeTRMtFvYTkBP0ZRbnSp--X0eIxM0bNATMUbBzChj0,gztszdmm,429,I,211,195,True,False,False,False
686,3Q-ryiXNOzuVyNzzGx3NxPCVCuZ6rxiYRnGZ6MKNUs57gQ,상구놈,172,I,168,146,False,False,True,False
687,lwzSOw89slRXa6R2tV07_6YUFFOp7VWrRKmQr6fDA4AHbxQ,zhen de lan ,368,I,181,155,False,False,False,False
688,PhzzlkZa5mnO3T7LmsjaOdq2HUfg9pXeHWnCdPbiHuZ-Z9Q,new super rookie,303,I,144,107,False,False,True,True
689,l6z-QOzpuCjeDIJg60Nb-WaH-i5sc50ZC4Huj_Nmu6Hu3-k,잡담 없음,268,I,127,90,True,False,False,False
690,XkmRPE6XH7r6htXHaocG_MNy4HHVfefBIKWD9xcwWaPl-w,XnX pi9,394,I,144,162,False,False,False,False
691,uSTYsiwYiNqP78e7HdWwLO6Fp3moBWEkpxtC83knfMB_-PI,JcleFlaw,479,I,120,95,True,False,False,False
692,UJU_sBMkirXFr9jgP-_G3q7byr63VrpcTsLkmi97gsxTzZE,See u AG,513,I,79,52,False,False,True,False
693,RTU1FjnLdm_ZaQ05beKDJDQz3Bko4xQpb4p7lXafbOQ9XfM,일곱번째다시왔어,315,I,235,204,False,False,False,False
694,0qWa49ZbGIE07gH-LzDyMSIIg9_iA0vf96mMCgNcbSltcg,부정적에너지,117,I,215,189,False,False,False,False
695,XBjTiH3vVkjqq1IMKIFZI5r5KrVKWwjV1ZUwd3iJLPlgaE4,T1 allmight,309,I,250,236,False,False,False,False
696,cN6qSVIn2KZOOvQcbVw_G0lyOQ-E7UNSd7qsj5ycDdHi-A0,Iron1 Sugiura,241,I,156,140,True,False,False,False
697,Vawtx98zQqq0Z-phzZm_dEnJWrJ5kiU1abvVF8rEMEFhsv0,wardboy,162,I,61,44,False,False,True,False
698,_RN_FzHFiHS1mxxm-Pj0U_7zvqqRJ9n45cqrmPthMcpnYB4,민들레의 약속,409,I,146,116,False,False,True,False
699,KCAZqx-6lewBwBk6_GaA39uBD1jNjpoMu_-i85xToU4PjGc,이두나1,303,I,158,140,False,False,False,False
